f0,f1,f2,f3,f4,f5,f6,f7,f8,f9,label
1.0958241942238534,-0.24448624099179073,1.4343916796455298,0.7894721162374556,-1.6232906084494019,1.9024894065470237,1.0445588079614119,1.1442572211078152,-1.4875454692978165,-0.19845624841773146,1
-0.5168079030696751,1.7070599553944072,0.5754604803226582,1.29104645308332,-0.22634320469067548,-1.0910451128608925,0.2183391480633392,-1.7447309755832987,1.3105246879703283,0.5266575964882594,1
1.0323509603414953,-0.5818961274805265,1.882792097579613,1.5724844852887907,1.1135339882950475,-1.2214451685921297,-0.1331159850918633,-1.824784936851085,-1.3828420317298087,0.7321958129698185,1
0.9790486236312685,1.87003892973684,-0.6966985674473922,-0.5181611758605245,-0.12177675489676831,-1.2421145636628572,-1.4803139786581134,-0.09718029509626502,-1.0923626037964635,0.6792559787300414,1
-0.25139232451067706,1.3307127842313498,0.8010604080089965,-0.7505334344718357,1.3290392055808042,1.2190574299872075,-0.45008648387930217,-0.8466875842790236,0.729982015899902,-1.4409900655627608,1
-1.2003671900995667,-1.970550920995978,1.1476975100085536,0.6594034263681285,0.8206615145053404,1.1229161240878716,-0.16433689784664018,0.27496478381157496,-1.4408120074893702,-1.5418797058561062,0
0.6736118471618866,-0.11561517542746991,0.2609444259247553,1.0599954296641023,0.5388732800023632,0.2143176026319833,0.23682864298165418,-0.7841996077495512,-1.8767286617282424,-0.25313044307055055,1
-1.1416613087218832,-0.3658854251014554,1.4136122930726644,-1.064242056538637,-1.766789033243736,-0.8744644319120138,-0.8256249689332655,0.6476660589075802,0.22812860936511337,1.135592836425654,0
0.6572541613095502,-0.3744525542397179,1.2560815386641386,-1.3321083203691844,-1.909151707464558,-1.639808556897433,0.8894374023858012,-0.15249107899445047,-1.3549128838655928,0.004179100413454151,0
-1.3907515891473263,0.7852815003109441,-0.2153748977038772,-0.4759150956140701,-0.7939516434084939,0.5211303724755538,-0.5527495577864383,-1.649400322735596,-1.5279763915179387,1.8475906581980581,0
1.6343227628304282,0.7988285352429982,-0.9365201541619217,1.8767055093908955,1.1150036158631784,0.8675607566359824,-0.20255399142484531,-0.9110337526193639,-1.6144361513860028,1.6104095861753667,1
-0.17689484066555572,-1.1905465408190787,-0.77617350339739,0.3168782757675839,-1.2929088682430732,1.426457136369502,1.0340781193408404,0.8778518238037472,-0.27162784089958514,0.5092353628097728,0
0.3363918756509423,0.59938640621928,-1.6622227154404436,-0.3367703913175615,-1.83354330455243,-0.024036723021924278,-0.6805551506688587,-1.4219032445358124,-1.5863881291097934,0.3505782887108482,0
-1.3176281258524556,1.7004804735071888,0.3242445588015799,-0.6125207818606517,0.363661965925667,-1.90878451588121,1.8342368529657813,-0.07078625222839907,1.1309409090011449,-1.6690800003102457,1
-0.05336667664735861,-0.03717202258191632,1.7513058198999314,0.2869122095043015,-0.10604239577218477,-0.9320973476324257,-0.6737240106297913,0.08268960988615115,-0.24435415877981326,-1.9135516804786783,1
1.3051676967774313,1.584643087359067,-1.439003644005557,0.2161445741561976,-1.5656970354582258,0.6889603721592468,-0.8750648646439667,0.6376905387676071,0.9079784571475304,1.074589967670628,1
-1.5690362161764138,1.6640473805504317,-1.0791440364204767,-1.8503497752952809,0.21940987756593344,-0.516310864550245,1.3191589725296526,1.2330058882572072,-0.7314444287091386,1.8115975802789799,0
-0.8363286474395255,0.060228516926858156,-0.976139637729589,1.7441742801958533,-1.3415687296719274,-1.820357522430684,-0.25961175998784825,1.9695022562233482,1.5667090650196558,0.9944320778277969,0
1.5631699635140994,1.5737865587914528,0.07543344154579623,-0.736283792676828,1.088049728443952,0.6466450526710443,-0.5053690845051597,-1.622133327753939,0.987158445396104,-0.9501579363085413,1
1.747252602135117,-1.036117699977261,-1.508968270354056,1.3244506884996246,-1.3868627335020238,-1.2829267673690437,0.397531166083374,1.4982481633498579,-1.214261337141707,-0.7587053083996209,0
1.1096193529647103,1.8873057042438695,0.0029647448093692574,-1.424409989794997,-1.9442548491671938,-1.081375880004579,-1.4727111288539159,0.7106346944514299,-1.5126699814858755,0.025319726482532,0
0.7770497425715459,0.32446643688360943,-1.2008973933597695,1.2164981047290508,0.8616285184632066,0.955936015662167,-1.475768993770747,-1.5049847853986216,1.7102502040260306,-0.40968722470023744,1
-0.796205232876241,-0.0456638185938667,0.6514568510543297,1.8224930281878797,-0.85421509247178,1.6992337172481085,-1.9005620344549747,0.22079216930729872,0.5359004467243405,-1.5764103849969868,1
-1.4386416117443495,-0.3235427227347847,1.8649276485727269,0.3841702129374913,1.732092886400845,1.217443662451883,-0.13047359377883394,1.1390537970087498,-1.928652864092049,-1.5634240129370602,1
1.3177144595309453,1.187268353300647,-1.0694370321342652,0.12307836239621395,0.4240632828000437,1.4709558151040447,0.41242862935490265,-0.3497137229052787,-0.5032638263712692,-0.29647165450596047,1
0.6077241023198967,1.4699625270092995,-0.18441247169480102,-1.0086417481945675,-1.0533505480096754,0.9840571209737856,1.2662750536956415,-1.5788876805835002,-1.7337645721792874,0.37773465502580716,0
-1.4153070232292069,1.2986567618253653,-0.7586613043037023,-1.4245122681154294,1.683881889949801,-1.3378731090588873,-0.8611196706482578,-1.3855464192317655,-1.5380397453385801,-1.9154079346542399,0
-1.7784183633429596,-1.3014341162565892,-1.7864722694912984,0.3645752644438849,0.7228581071980256,-0.42547817267188703,-0.7280356121918024,0.01810494808892038,1.5000197689384343,1.404526507288824,0
-1.8260997519488322,-1.2740063616139037,-1.053020515582416,-1.0024496966711527,0.28493060697109085,-0.3349502971872309,-1.802983520289624,-0.5055434461617136,0.0950117948705489,-1.5933123883851361,0
1.3338342151542388,-1.792152534139583,1.6993674760722484,-1.603547433680498,1.374299806391011,1.6106125757104683,1.9182827223463708,1.2081035210943742,1.1179101630853157,0.5699331039821907,1
1.115985418312516,-1.4617911663474117,0.1442721437905492,0.05689148076165784,1.4302885764902302,-0.14880253762593654,-0.4596420155985861,0.5582530849484404,-0.9341467299966157,-1.4409263561841725,1
-0.0884909039050168,-0.33244252562045995,-1.0697202378845052,-0.529952759539488,-0.5344302006950103,-0.6900177423498182,-0.4821436810922841,0.7429733818237816,-0.8124941017148588,1.7954317068613617,0
1.6653920781527116,-0.0763582867996857,-0.6865551799812448,0.14173915932001258,1.3942419550944982,0.6103493622404081,1.2175673117883097,0.13088910426296074,0.531670517070483,-0.8473775432701531,1
0.9395726492411631,-1.1903816274971266,0.7791925152739929,1.4428762733035763,-1.4715886507938243,0.4575189621676792,-1.6196170070802616,0.9028625130857075,-1.662027124705919,1.7437592908025041,1
-1.4503682798487914,1.8355209836363215,1.2035367043403866,0.37472801786541643,1.1304964185181876,1.1804593559323435,1.7841082512693212,-0.9864665846432512,0.3603035814332367,-1.6198032097423951,1
0.4646628000964852,-1.3148347836288448,0.2598024458897674,0.2897220561353988,-0.13605938807509066,0.09052710205249115,1.0556935600263517,1.1969788660482665,-0.031387137698283496,0.39837376609044917,0
1.7249449427604073,-1.5210656459955088,-1.531585736399558,-1.6491639523569264,0.6314531401621113,-0.3255667968384821,1.097285664567373,0.6849256532343704,-0.6654489666870473,1.593466189446143,0
1.0501285882826092,-0.9178602363592971,-0.543231928911784,-0.7422400791829484,-1.3695534055000014,-1.4088665098312334,1.7445098535029762,-0.24838385120498696,-0.46672070889036066,0.9187428347095117,0
0.21197226101159972,1.744559947353849,1.1212059756375687,-0.08252174350183861,-0.49456210607669515,1.9465261796972881,0.8710409440145739,1.8047786400153645,-1.5260856911318346,1.4021347167631304,1
0.5482955359648303,-1.5123132866595497,0.3530319998768827,0.7443854604217952,-1.9507892564455886,-0.18272815263301379,1.3015980447852846,-0.8185638986236405,-0.16580767280579556,-0.23074349172842723,0
-0.7922904342300336,1.6737675820622169,1.1251761417260635,-1.557646356015558,1.9881386313502922,1.516800097230981,-0.8643662485438441,1.347586318643753,-1.5743218725144685,1.9964189218969546,1
0.6627389444261476,0.6005000622351879,-1.638237092063469,1.588133595586501,-1.8840019871821223,-1.0366877678354118,-1.42791249933346,1.1070717627688742,-1.2071830911484085,1.642552908523541,0
0.6250761573099606,-1.8553491580212151,-1.9782806634851982,-1.7933683319424043,0.42370071059091075,1.2059272434376611,-1.045788717490446,1.3976353716922918,-1.7710722393869585,1.2038554145667049,0
1.7111817206891216,1.0884335964175222,0.7924831359145488,1.3519208746215323,-1.8393948018117343,-1.1928715571237785,-1.5003052827774277,0.018123960771946113,0.980752513315378,0.5200473783055948,1
1.40452439904774,-1.3791480302356365,0.9384843677406463,-1.2278340365243836,-0.916964994728799,0.8396187891252156,1.9208191395947272,0.44617442390827833,-1.7819987400348176,0.46523587971013125,0
-1.8305977936793316,1.5365828454672688,0.8383131404024828,-1.307488614309987,-1.6331159767032077,-1.265867084478724,1.92010871821677,-0.16575743016604072,1.1363237933656318,0.5456333684311074,0
0.2896525998345494,-1.4194789813398012,1.7840978142323802,-0.7946294699411283,0.3120688632301687,0.7991037783562644,0.5969326209812356,1.7623776387820738,-1.406244040319768,0.03341095378776826,1
-0.3838624370369361,-0.10332508206952751,-1.5231298952090215,-1.4636215605089387,-0.8876978168749705,-0.7811815849566748,-0.2883871452746001,0.4439501881465131,0.538516469673052,-0.35275641365771904,0
-0.36486756228521156,-1.129485893212152,0.353224993636033,-0.7318363547310485,-1.8557606628905452,-0.32639982337255846,-0.10346929963931872,-1.097628527183156,0.2898317324884627,0.26308760172768375,0
0.8080087244414855,0.5917939288048402,0.6097322260841262,-0.7351433927038276,1.1497288879438154,0.19657753439871772,-0.27432721928043957,0.5040499237642284,-0.5573706621989829,0.05095697842703295,1
0.9468227539288812,1.5456115468948308,1.6842287891807666,0.014531700732396846,0.08110045896227636,1.1994816430553459,-0.742197233023195,1.3495294493802743,-0.02343341393030629,-1.5365731026589264,1
-1.7117634117082252,1.3679728441578525,-1.7777283323724884,-0.8775542554653764,-0.6634798379938167,-1.3080222192336248,-0.7444265207920431,0.9707702669003426,-1.941268625759717,1.3086936980827457,0
1.4261920942982327,-0.5109537072338073,-1.3855484037574608,0.40336163178032347,-1.5213097765404227,-0.54032255568699,1.8337167236038896,1.9818578903345485,1.0884195654183424,-0.7561539603169352,0
0.75066019666437,0.8216254619360508,-0.448633219345401,0.5635545383446376,-1.957089420097295,-1.1637693655910342,0.10035321186904467,-1.3449947829668165,-1.3363725284938655,1.3452171622009517,0
1.956532010734422,0.2238777121137936,1.3562789235268538,1.9612866573050902,-1.4336164457249012,-0.20701754698259567,-0.42970913663232047,-1.67980286541526,1.0213206911789778,-0.26488389070962803,1
-0.12269226323839488,-1.3973081047470393,-1.2762933910765275,1.62841448862486,-1.8214036441028845,-1.068590860225175,-0.8317626787418866,-0.03920983039365433,0.3457806920591837,-0.026840096597333662,0
-1.663538661772472,-1.0253301837771458,1.3743535390501647,0.5503548019138362,0.5965962005370975,0.6808130214054198,1.0516120761581162,-1.7675660731142107,-0.5335664602695505,0.1581097410467147,0
-0.6461740668106959,1.377915493148746,-0.06970996565082421,1.0745103578375166,1.4080620675246762,0.01916593161399227,1.6382089754853997,0.34849576214792233,1.401097195334887,-0.6376368176339029,1
-0.004732165874059113,0.1256441640183108,-1.5800811364157177,-0.40578997319383747,1.6693506902067043,0.5233289614589696,-1.28997367025213,-0.6445774575615801,-1.2335879613492007,-1.9007074728057098,0
1.7098418340161068,-0.20717068697251406,-0.7698597103168554,0.3939087662309464,-1.9707421748279375,-0.8879115735967447,0.8121338627955703,0.5350790922770519,1.927223790170142,0.4814308386321762,0
-0.08997650548906888,1.0457302527360306,1.6133114878562123,0.8827837868734063,1.8528448941975184,1.1280206829527089,1.4672057530477058,-1.5435837152654512,0.9296540119751509,-0.23964520189052552,1
0.21241520964510086,0.616409637929427,1.8792604668222777,1.9383123257264985,-0.8470870180483789,0.9350139897516647,0.9999341517410745,-0.6140285547478048,-1.504520900543116,-1.836212158857121,1
1.1093725101167142,-0.04120103273237641,1.9421606779797047,-0.14010617522538782,1.911667916295361,-0.3536959912237605,1.1747286022398904,-1.6607229107526718,0.22184684055105564,1.2082391479428969,1
1.6988066688795547,1.2903323624697265,-1.852117091195303,-0.5091906347730633,-1.805206110744595,-1.562870835541768,0.7012225146699365,0.8530327852467927,1.0948827310065052,1.4618261922226514,0
0.9577258739060395,1.2034863684265282,-1.804145160706883,-1.0618593982348057,0.48759109350098306,1.4325012184992927,-1.9819995002413635,0.05851736846539923,0.7091495974575888,-1.8815708434855472,0
-0.3945777697864483,1.5825395255347874,0.6864512354234349,-1.0493665465576107,1.4111245185276506,-0.6078743063619427,1.4133786845762377,-0.8042253955243779,0.36128100353259596,-0.4122397290086637,1
-0.9006997969797319,1.5462302486874768,-1.2496252722420347,-1.6607536350569476,-0.6322922458173585,0.8705565905662702,1.2297264239051269,1.9949734802670593,-0.8145517719553403,-0.3682321954748713,0
-1.4527148878814948,0.2994877184921343,1.9903201490516689,0.803524040482634,0.380851361653487,-0.430523628312824,1.6611950411422192,-0.012333615478602233,-1.462532346747754,-0.5384861472034661,1
-1.7313333246089324,-1.1920838492448738,-1.9293248760003512,-0.18688033399934634,0.5381610598071886,-0.626830150484369,-0.31847291397889155,1.8368370913783036,1.007852486299662,0.16342654777980492,0
-0.861836499552699,1.5879871950919808,-1.059611532477362,-0.6986290779332918,1.636259257691794,0.11816822114028946,0.9692717976719067,0.3629791766550645,0.6137568360379806,-0.8024668339406977,1
-1.0345117534933483,-0.710030611325339,-1.3782337436663101,1.4972574611632297,-0.8670122669995437,0.24595757765753845,1.1678977005654962,1.1352964375028542,-0.24645496566322844,-0.09497076565309737,0
1.9788069957400993,0.6983899079160962,1.2585537724715308,1.6102158768769277,1.1503593449173568,-1.2592826201857297,0.24868293495028881,-1.5924233707418205,0.6116885062559936,1.821397712751244,1
0.05092825720044525,-0.2681100285289313,-1.8566289943273473,1.8390980893168813,-1.5879892634793649,-1.8356836267806123,-1.0157335539802461,-1.7378782643264703,-0.17952863035295064,0.0643512050284496,0
-0.7497202038856643,-1.7961580697004558,-1.5535985270030932,-0.46198248804028763,-1.7578861966938555,0.7927589024396537,-1.171917833900752,-0.791713724865446,-0.42349689128761003,-0.33356146772340844,0
-1.9933571693007979,-1.5517185160052098,1.4510582549635123,-1.9950677499523675,0.03266942325150035,-0.04199197397116761,-0.6676233559574487,-0.27469191941420146,1.1223245501063372,1.3648148248598257,0
-0.9586058263389998,-0.7100382361290807,-1.030068587886669,-0.08054639779573947,0.7330334306352517,-1.0869884981463178,-0.6770570317805333,1.721538470356602,-1.8057228406121677,-0.1569215790417351,0
0.8462321663871113,-1.3981839537701037,-1.8105039199780726,-1.447178513445877,1.6752927741227315,-1.9629608727155063,-1.2467121007545927,-1.8748659483934218,-1.557482129751187,0.4805971465131851,0
-1.0334443650436569,0.2768482017227072,0.3607815310645046,1.3977413323591161,-1.9810344283525043,1.413477837369467,0.476476345707896,-1.3490260555801696,1.091749552541136,1.421966167162343,0
-0.9829460649833708,1.6751747236107235,-0.18217027880536873,0.4136978173332859,1.9385981344705745,-0.5538556854432026,1.2526373832804514,-0.7264035286861614,1.196854088965964,0.40293567545056996,1
-1.1345772190983943,-0.34389562484305447,-0.7294574625457533,-1.6875664276785445,-1.88066091960121,-0.6140853783712763,-1.9238634087300537,-1.3380489696728999,0.9007332834034751,0.8323649427343516,0
0.9543215458295307,-0.731387315480085,1.560077828470782,0.37532219211379036,-1.495894633013494,-1.4251253541778635,0.772381707718806,-1.3082242542316878,0.02917080632817326,1.9670979037148428,1
-1.983969581066642,-1.9336807924097723,1.972338327722026,0.33855533653666203,-1.4923600979259475,1.5892087990163746,1.5215212005107688,0.14480165244550092,0.4871681194430262,-0.9072512339964947,0
-1.7979212145119794,0.3782704355634574,-0.820979227188948,0.6544841866414077,1.344980707370405,-1.9273578243425438,0.38285509874290957,-1.074877841252591,1.4955539916152056,-0.9853419737526861,0
0.44308053294167316,0.21416336035844585,-0.41533399976300434,0.7104830543991763,0.9030785388617355,0.26775118127754727,1.0336889487390164,1.9336683039717504,-0.3229104483967795,0.05833220754212354,1
-1.950120488235147,1.1841142252415136,0.08092026818397535,-0.3681542785577392,-1.6237121476424168,1.558625686701589,-0.4199710398377743,0.7303263928368815,-1.402503374527397,1.84619851816413,0
-1.2862329527126763,-1.2018320284020385,1.4359314422308551,1.6503309765677248,-1.1514103699067944,-0.12079644730068839,0.9339796182513194,1.5134629352432065,-0.48378921985077916,0.06807794739771689,0
0.9668656420789397,0.9245439066111816,1.1318405201043396,0.2797352745661055,-1.5815396127808992,1.61589316351216,1.4622901572841127,1.1923897432733321,-1.600550091357082,-1.1824105316742832,1
0.9744014604306077,-1.9074396216722143,1.9168985348291185,-0.49142127857727713,0.8772501347632944,1.5502843539521733,-0.42148044739967094,-0.7234700456013359,0.4349645155929869,0.32395749499220283,1
-0.3634400895008114,0.4070990234708338,1.741525478265979,-0.1294389734936141,-1.2130312769974747,-0.49117606846798445,-0.4235720696275256,-1.4755652278951206,-1.3485139977817804,0.738248293574709,1
-0.6420889831643892,1.8195935674232304,-1.0256130185655703,-1.6043019795807107,1.0140182520010317,1.5241442076714802,-0.8875465725140486,-1.1916475934180881,-1.2569354605156513,0.08804920546604933,0
-0.12633343501291616,-0.9622406405818631,-1.8193075320422945,-0.07403463869487714,1.8373293905424335,0.6100768030106529,-0.017973773485526312,-1.5572317038815355,-0.9902548378016509,-0.8209042017018291,0
1.0592142104289373,1.5068431890584773,1.6065674142657538,1.9382744330030164,1.9294667324181298,1.8119965310719257,-1.7127114379884625,-1.4488258562887792,-0.7821338940958684,0.21159301625784588,1
-1.6120884451780828,1.38318783120857,0.46702471630923625,0.1694576092088198,-1.3387547065308354,-0.9869781023992106,-1.3587519000709678,1.4077326311791944,0.33691144024487274,0.9405177100785336,0
-0.8158685483598971,-0.5149894516468914,-0.38058014229386483,1.0400598869761395,1.0894119506982722,-1.1727458899438732,1.766155426952396,-1.5173786502252544,1.5844883296945214,-1.5984174174007628,1
-0.9418407553947556,1.385914144271828,-1.2820317106156502,-0.3457282747601207,-0.20056280022349515,-1.0189641079071614,0.8409808053439463,1.4053385976088153,1.4983005594222871,-0.6427114170537562,0
0.12340157715125777,-1.006374384537394,-1.0208139937994183,-1.3549837485923035,1.7600760432300588,1.5519553144223197,1.109434853310769,0.07064608515091608,-0.037568337952512465,0.11898266472999186,0
0.1462720543083571,-0.26174766120923865,-1.4729806684317301,-1.497344588525856,1.8089988633827332,-0.07187696165459778,1.8128220996207558,-1.34569248915956,0.21766620815973425,-1.169130986593843,0
-0.9872615754935938,-1.8797816849552849,-1.5241867570391547,1.667393630516783,-0.7138680340706731,0.4325168476583663,-0.13994347204290802,-0.39819501901888676,0.1275443653842725,-1.251044221538634,0
1.9544155940783061,1.2732314748154518,0.9664585309260612,-0.12496281194419012,-1.388491511494656,1.6826634330942714,-0.6344517304730894,-1.799573241212265,-0.6303852927574853,1.1778281219835374,1
0.49083497995283265,1.0033543389794386,1.1745415354495097,-1.1521815556778296,1.6951332643727208,-0.24804158831850964,0.5560545970566584,-1.990764909653032,1.973473993644712,-0.8764144561433795,1
-1.751747573839379,-0.1669518338539442,-1.483879771271833,-1.3906931593696972,0.5291312521208407,-0.42829043371906694,1.6874098006199802,-0.7233740215677198,0.9047205135356045,-0.15560227938036952,0
0.6398052045171152,0.39878142686396156,-0.10886410896400722,1.8002443784977484,-0.6291454289801766,-1.2910579950029097,0.7123762435193131,1.384030245231635,-1.838985040240305,-0.20146924630927776,1
1.5699507587493051,0.9984744756914701,1.967230865990513,0.12565524638897507,0.6399828752046051,-0.7900788754482875,1.7901423986639693,-0.5346580457738548,0.9540428507465144,-0.38743918352367235,1
0.2472757202519973,0.8791301400861848,0.03573660700541703,1.628345307638034,-0.3227960482887591,0.5882871925733006,-0.6305502667997835,-0.36737332707594783,-0.23979956706579042,-1.496771926750859,1
-1.6331052837639732,0.6699596925870317,0.6220709533722091,0.651638856840381,-1.9209342186292333,-0.6938126293128803,-1.2087606109632123,1.1126056901760495,1.4425216055845205,-1.0132784910954107,0
0.6713966353919454,-1.4825487861669022,-0.8993898975931467,-1.445382015066322,-0.8659169336030832,0.6989461893971116,1.6413076407410099,-1.1899103683032561,0.16831613980287674,0.8055644049737292,0
1.8116898739422629,0.4402419315486954,-0.9795722758904772,0.5019126276557451,-0.7180353532879353,1.904513562766831,-0.4012954593454525,0.7417108830440569,-1.907089670612966,-0.39975421546097856,1
1.5004304532900465,0.44090977773298334,-0.22422845441609462,1.7437499977429036,1.4159375045889164,-0.711137304708247,0.17819360816535834,-0.04070297563014913,0.5288100004594494,-0.6635549321649776,1
-1.023179996936447,1.6506873410221443,1.6954979979940252,1.373291543047916,1.9128177230582453,0.9799661031187541,1.0586689142479986,1.0503603678505629,-0.07756947623077393,-0.17419122194291337,1
-1.0390948954039874,0.5792767774371619,-0.8427194555906619,-0.9687663611905823,0.343845496384219,-0.3600704470998273,-1.1245735648214712,1.2642240670113245,1.442279677177504,-1.3292019212888762,0
-1.9699718688000005,-0.6554801258825051,1.1900433427230102,1.3566954649372978,-1.446683719535803,1.0973436047322047,-1.5371833307622822,-0.4397496393738831,1.9944380600476634,-1.2296367070763607,0
-1.3841456696894943,-0.308798669812826,0.47867410387944576,1.731603129653013,1.923284582132137,-1.7214374536344215,-1.4480099306083787,1.1629518955839755,-0.9174713909165582,1.5393962380254425,1
0.6538130289163471,-1.5526207904772913,1.3301171396960285,-1.2945744799676966,-0.3060184212813848,0.20873971423731996,0.003064596321113111,0.7446516624606017,0.6107469394770209,1.9681680221122195,0
1.9976876368967513,0.06583761054256376,-1.619203652156544,0.9113731958748734,1.9066563128663567,-0.7266944494839187,-0.1551644566497048,-0.3008923007381763,-1.7943233817722826,0.6890577248937793,1
-0.5866492197261288,1.149855498526009,1.3284803011279442,1.2849231463913817,-0.33333600784047945,-0.7138172710364019,0.9952831186682194,1.205557735370892,-0.03497021443453541,1.5721240781452122,1
-1.424365215685767,1.5162751186358405,-1.615619068112475,-1.3858979117815444,0.13536005309584143,-1.72992607925034,-1.7887715943995586,-1.997925023337178,-0.25473336122294743,1.0984955251689192,0
-1.8606465988803373,0.6090304258634216,1.292509269664746,-1.3279966056885155,-1.412545060714383,1.4432038944821444,1.292498439800379,0.15576706505674753,1.2767995171759212,-1.628975690302021,0
-0.42207392824498235,0.9511902244254915,-0.9701921627041465,1.009315657734211,0.016714417563255424,1.0010639517929323,-0.1412814485706817,-0.5283826391127295,-1.1232431340854707,-1.16648263425994,1
1.005963242285584,-1.524358607864158,-1.6560705995562195,-1.2948345399114793,-1.2986139541843125,1.292430491227599,-0.4059735061031504,1.9615538294419297,-1.4511549688375505,0.6141593027745733,0
-0.2050819711949976,-0.42832729321170415,1.5003367962163292,1.9023825833135986,1.491435835096715,-1.2307972838594678,-1.1168083151642638,0.6242955163802533,-0.8436656734472332,0.9389005231223195,1
0.2656826032385786,0.20363507396161173,1.3141876993551431,0.8421310869707113,-1.8936889400108332,-1.8021634514159373,0.40623380982406276,-0.05523169751089796,-0.9592613786280344,-0.32537565074079344,1
1.031641274931442,1.30644593863172,0.24489227156017668,-0.45852207657158806,-0.9172129540195719,0.08767388307701385,-0.741001525742476,0.25638054818889167,0.7066095300385506,-1.7356831563224207,1
-1.995730139909011,-1.1508914446370282,1.578045990875124,0.5851630529142366,-1.3121585922519086,1.561055847294475,-0.12017623885064,-0.09563297328535736,1.7421677753706204,-1.76205323126664,0
-1.139286901485126,0.34308530061888964,-1.2180539616719837,0.7181080368358312,-1.1436308426531192,-1.6033721176047426,-1.172059361436641,-0.30906386291175103,-1.2954468033076805,-1.4612319003066108,0
1.4411275448757634,-0.7184111856107687,-0.5569652539269856,-1.7789183619950895,-0.5705215059917834,-0.9407712907136814,0.44194026936715414,-1.1784388093103733,1.5534618122513622,1.7186664836782204,0
-1.6006757712928392,-1.5703881748456912,-1.5386942475560481,0.47827702524124804,-1.5121241431615084,1.4095292717210652,1.0170860597515698,1.2792354329520963,0.10424210754408358,1.9867088460766138,0
-1.823299588223355,-0.3949401432555466,-0.7042533242494553,1.7945819948505641,0.30744383399037156,1.224763861778901,-1.3186352253659246,1.9145365756017556,-0.005441812494739295,-0.025311694917416805,0
1.8835389141829513,-0.4770705551314198,-0.4098999017800282,0.3390108112197465,-1.4877895578088522,-0.7156574943525804,-1.2271667102194779,-1.5868660835718016,1.4645784253240803,0.3573246645099042,0
-0.5653088338883552,-0.3653224905331487,-0.2739239852505815,0.5325967285788376,1.7070775659559732,1.7311184786279301,-0.43403208187734643,-0.6829501616089217,-0.1958139992589798,0.27173692171397024,1
-0.15272835420100694,0.6350136392668038,0.21759609351905462,-0.7171378132236956,-0.6170767769494696,-0.48562884976107634,-1.6214409270024452,-1.3357494703441075,0.8924552085815445,-0.4436131539116799,0
-1.1418441097594254,0.25068964229942914,1.022158169893709,-0.9703105506185143,1.307159527694978,1.7100194385001983,0.3895781162953629,0.6757906359663184,-1.7896960387077785,1.782079564087626,1
-0.43006106294022484,1.6956016021817195,0.3159100990009702,-1.9815248046266896,-1.8458320027062571,0.7216752226796879,0.2506720553277324,-1.8938702511757026,0.9738398448895413,1.4085813482767269,0
-0.01433007024276689,-0.13697023857098012,-1.97810756466149,1.146598849974397,-0.6771357330155783,1.5150544791301583,-0.5077576497677878,0.26031164252282224,-0.9186328472026899,-1.3576467496603253,0
1.099631613525312,-0.013638084614873591,0.14595169500900296,1.861663813926942,1.8543196488886147,1.422568486809614,-1.2495628289398657,0.37709077720631967,1.5125896986221496,-0.5021442542042491,1
-1.5955753362576601,1.2438516089596874,-0.07294579455131345,0.2575707214367142,1.9285771852713776,0.42884572197628845,-0.30008245733559447,-0.5200625286112088,-0.3295228293838175,-1.526403667285325,1
1.1790022336702872,1.3508674327481645,-0.8624114617063645,-0.7848135263602236,1.4973370253392528,-1.9041185778881782,0.08182977506891076,-0.14529714127399584,0.760507078313839,-1.346433199402182,1
0.673322963180615,-0.4930639685004943,0.4748591126785682,-1.8396199605088963,-0.15309121126196246,0.08900357592948849,-1.1426943885800536,-1.4415053832835172,-1.2461027879507944,-0.6234356877466078,0
-1.6127594027801142,1.7892791829184178,-0.38002375401673083,1.235878410026996,1.8976684924353866,-1.6770588799890436,0.6066778717399761,1.485636346964856,0.5369377358669132,-0.28389551457034923,1
-0.2756945694482469,-1.8564044559705644,0.13840300515710124,1.9741719871473897,1.8348301038877364,-1.8384030846313473,0.8231880145179526,-0.7929405332122768,1.611956613624547,-1.8195410171628859,1
1.7434964080443223,1.3499029751511076,-1.529982470989594,-1.7607026507308032,1.3388306573077435,-1.3769693161016825,0.13959261190348204,1.662979431514838,0.26979245419729336,-0.4110667941087036,1
-0.21993578058403118,-1.747531317184516,1.8750092854463953,-0.7573832596756689,-1.2425460333085847,-0.8558107926384189,1.8574927795659155,-1.622855786047972,1.4692121620047254,0.8313755776057912,0
1.3200767166361125,1.9035901614715853,1.3686186220674874,1.7735294051114114,-1.492258972836321,1.1831542606678802,0.18270277632419107,0.1739823803194427,1.5956863052820545,1.8872152745868451,1
0.8193532921727238,-0.06824644211286435,-0.17438456839261862,-0.4546341711072728,-0.5536038817093494,-0.4339726332622744,-1.640987058995219,-1.6902556589582471,1.119479375489247,-0.21570842831909554,0
1.722737954178482,0.4488840343758098,-1.859296071262321,-1.3699066347300821,-1.1767208279479697,1.9029440975586422,-1.1251830953934605,0.0630227051522052,1.7447077265607844,1.9087709196574294,0
-1.0545582584658217,-1.8035294249998395,-1.385592669848966,-1.7466860851897676,-1.2195030356306544,0.27427885881494163,1.6497951851825672,0.14887553477736004,0.503958226796323,-1.1925309935618356,0
1.2023344826954006,0.47115563402233285,1.4565473167708993,1.7953724280231365,-0.6083968969736309,-1.6376837658582426,-1.0962841683328701,-0.24863373729665117,1.7827746072978932,-0.48676071050633896,1
1.08309285466148,0.16190676868302,-1.2687649182760938,-0.7170635241861936,0.6127675400912747,0.6914135787395739,-0.26096101276381534,-1.0854175893515414,0.8876271180507054,-1.324507833549141,0
1.7466787674605064,-1.2483856838540932,-1.5707505486699183,-0.009409190538484768,0.07819839243877613,0.03277165911297919,-0.2533300426446421,1.9792595713184333,-0.054877549317672525,-0.08821367704067606,0
-0.3129357491417548,-1.7326969811941484,0.3718265245984642,-1.0881289111072703,0.5504359209161995,-1.7966661522060914,1.9255484050120066,-0.12397968394931125,1.5870214863627936,-0.09775530706826085,0
-1.758676725703113,1.2888541843752277,0.5927349186685373,1.1270281902957806,-0.28732054596450674,0.5517469769865797,1.42491601518643,0.5242617714875499,-0.6093054606563868,0.6501183774647994,1
0.6874167544562693,1.8423478500265,-0.5163507138333232,-0.2996729299434753,1.2484918447482367,0.023049258970964992,0.9462923724629322,-0.16116214218563174,-1.1380194327491981,0.9808153711240433,1
-1.4753793232611603,-1.2056653458747677,0.5072999311368345,0.9890792007682792,1.57875154747126,-0.9096540103364332,-1.5571029655977826,1.8241866380905165,-1.3823076479114302,-1.209332070981442,1
-0.8346821857661371,0.11756541610514981,1.531302264136312,1.0421840909194677,0.8326302153705405,-1.2992777285759853,-0.569269473896103,-0.0863802956532882,-1.4102961860576566,-0.90628119149331,1
-0.766667184188623,-1.490895206683843,0.20095876763303044,0.8201127860967716,-1.7202734740925552,-0.07550759294740095,1.1288447810711801,0.9919605158097875,1.2602923848750165,-0.2070374673175719,0
1.2822283305594429,-1.036987715142922,-0.5567577543299387,-1.2945776943287948,-0.13006184228571271,-0.431759910338227,-1.0362915343427512,1.0071228369231262,-0.7446129115534137,-0.9087826794166571,0
-1.4764386765980198,-0.24471319279220527,-0.7881414846507919,-0.5229086346361256,-1.0560109495177894,1.0526219592796018,1.7200133894188694,-0.00827258884444948,0.5719936933633303,1.4686891064268242,0
1.9953185493346344,0.45406593891932845,1.559117866159475,1.634432986222568,1.1658059512304892,-0.15627443570755917,-1.6753839983044028,-1.9367777782394646,-0.09119746686830155,-0.022741865861529043,1
-0.3705504485481108,0.2726694051654581,0.2086508132177083,1.3464521641307718,-1.5653715869509504,-1.0992893355778182,1.1720199158385216,1.3913474688946184,1.9792968544834713,1.4916480655483366,0
1.5595960282893242,-0.7426082294803806,-0.3933534639624945,-0.9276595807177959,0.42519759277086244,1.7552214168281535,-0.6214364539535291,0.22800712752580088,-0.8148014781860597,-1.32080010490917,0
-1.2192578807253773,-1.7682186218474802,1.7971740920370296,-0.3884815659694816,1.3364835680084326,0.7253178907587645,-1.2323153543556584,-1.2981510136836487,1.2479528060421794,-0.9411531575218506,0
1.653140734807903,-1.4397783812420375,0.710834457817878,1.2578955041237356,-1.05897444633742,-0.8951705461737358,1.8580755445568067,-0.9416095786153669,-0.2801718003998088,-0.2699376270305356,1
-0.9878610002812658,1.103164345748362,1.0873973729166209,-0.48672794310485745,1.3405031643229348,-1.1477002624039905,-1.9827768973292854,0.28466944822296414,1.976311089809514,-1.8454227606924616,1
-1.1680077051661577,0.07565856994833675,1.2397629457794825,-1.6438319796997871,-0.4190613849644227,0.9883032025195453,-0.5138271663745537,-1.244654318097444,-1.2180166904136507,-0.359804852340023,0
-0.08233170077643548,1.447257671264056,0.5690096742719741,0.7616078180620058,1.931948686143628,-0.352626238796105,-0.3865823870034868,1.693387870903249,-1.0164976519797655,0.9192609852114666,1
1.0182925528725386,-1.6088480102182277,-0.12707437722566395,-1.197750114713784,-1.2584989087900573,-0.1446875581484952,-0.8422811699677402,1.1842417905034837,1.6304195655619296,1.2108824211534626,0
-0.935876509513339,-0.9034624252455665,-0.9810865995301303,-1.4598476157750557,1.7751934724148448,-0.3918088073717225,-1.101242101816505,1.3866842020329742,-0.40321878936883815,-1.8595327555613337,0
-1.3522337190014753,0.55700136142468,1.1316210966868958,-1.1562624460451483,1.6695823570645687,1.4039884802086577,1.3935230162443237,-1.0893554128031435,-1.7978560453997692,1.4696941579303346,1
-0.7767990850457305,0.4756655246941035,1.0398675348029203,-1.4868269659555193,1.1233534180761917,1.7540458358442632,0.9134998629856361,-0.23510900607776763,1.5067125550068114,0.10983052029023588,1
0.9790837112670165,1.2820237754344164,0.9974114467960238,-0.8485804958073841,-1.5286243963766757,-1.0466458825517595,0.01149974792141295,0.02110768917238337,0.3305773972581503,-0.4195926498084366,1
1.1475655258001107,1.6526150013888312,-1.013099786082115,0.946092870807552,0.7118874101801786,0.09236199711725979,-1.245879064503359,1.180929034330838,1.8425051425153307,0.8873453289344537,1
1.6714399865029361,1.936741059791999,-0.5917973030430472,0.5528942117053477,-0.10426904944768811,1.9465149874529204,-1.6247687039691003,-0.35050034281110154,1.5021561781089448,-0.8637947578939382,1
1.1511714025554909,-0.4688673488789772,1.919914159560633,1.53411934569483,-0.7947185693495387,1.0807724541514205,-0.6525738246669253,0.4254513608621404,0.6339230735731678,1.3183816363428198,1
-1.9021966364719405,-1.1193684353908013,0.8476712423543149,0.2540929478781493,-0.017579687195427685,-1.7791601731680782,-0.6068964661541751,1.4604009276425933,-1.8764286518558713,-0.4142550585407516,0
1.7805931506830905,-1.7964770618199415,0.9988230041785471,-0.9695495352718542,1.4664353286146898,0.9842719158374602,1.5428206834334515,-1.136300838274936,0.12517101927441976,1.117079774299203,1
-1.017201028020076,-1.0770147789311322,-1.89127146600966,1.8340611759018093,0.8400675202184935,0.5422414160407394,0.9759788907799636,0.12645167478175745,-0.09546471563835857,-0.20187103550591656,0
0.5617568484145652,-1.1938600984304673,1.5522347800594787,1.2470094848770605,-0.6017455541918646,0.3144371872500975,-1.4358908001999415,1.8893849917343921,1.611570750521134,1.6875900259968017,1
-0.6713478091861935,-1.323461170468577,-1.1529113461347587,-1.6399944358196406,-1.5195574795944626,-1.7147818632606184,1.959292276819494,-1.7037692665237056,-1.4698316761943455,1.3090183823629458,0
0.3209608669717725,1.0976688182773295,0.52364803109062,1.5287002813157922,0.5538701110589623,0.0885003716126036,0.8509987750451988,-0.21042899283156213,-0.6157447083810612,-0.1293901901991501,1
-1.3211435796057573,1.1862869192107657,-0.9571848746562215,-1.3858738146518101,-1.0145910328670928,1.368280607088959,-0.6791948176090745,0.7441994780236008,1.425638522622957,-1.6890213322998315,0
1.0600976207121717,-0.7693381344838799,-1.1335105432638293,0.7556058098118887,1.6391864909329352,-0.8199231651504184,0.2753352215372762,-0.8406635446020339,0.21714234290571177,0.48744812261736215,1
0.44134155516071916,0.4941854785709836,-1.4596808311299037,0.7741618783468782,0.6990014255208932,0.7303524888675326,-1.7037177890451747,-0.21264463034338954,-0.3638594718170811,-1.6531540654272034,1
-1.1105282884127572,-0.23614947280785303,0.971625239432329,-1.0517516920613472,1.318999640499646,0.18319314295785372,1.04168674073847,-0.10977606665257156,-0.0032230983111065648,0.47887755751856087,0
1.7118824326632969,-0.03274967434836018,0.11463015243316388,0.40798785411011806,0.9500605491909031,-1.7125986580550627,0.0627497540878883,-0.07363364317582599,1.6867399369502816,-0.02597367825463559,1
-0.12671786122267603,1.848799954138808,-0.1976941455964738,-1.2764622787116386,-1.1323355087768467,-1.6192498466521035,-1.9977274829642222,-0.2722173559980723,1.0769703251928857,0.9338657711993434,0
-1.8714036487885992,0.2799316143761317,-1.382867498346096,1.7643051390587892,-1.3305400014232829,0.5065568707899262,-0.6950465513437729,0.5662453038574089,-0.3509656141436994,1.038572209225579,0
-1.0772834986885687,1.6231674116570405,0.0008385972534084019,1.0243725908514114,1.3989207656049083,1.9953144438192196,-1.104217337624167,-0.8524303457461806,-0.998267653072447,-0.9485146713608694,1
0.3297789661575097,1.974090092583372,1.9611123483710178,0.10709292544923077,0.5561088410586952,1.4398821748064239,1.7317338338140207,-1.1845574906818244,0.11416691576981153,1.331348218646049,1
-0.7871916934616334,-0.24076383007813318,1.942484406048032,1.940186786883484,1.6244272430607265,1.1937933793122304,-0.923477997108777,-0.7165997037312501,0.18913136481949877,0.24310949824804862,1
0.022011277428267917,0.5466811196652244,-0.36670790946804477,0.9966966292621318,-0.6658002940865786,-0.6772920122145898,-1.491096152432688,-1.245151159884323,1.4020835156854305,-0.21487064567823388,1
-1.0885288537886648,1.0373644000895497,0.21592450326743773,-1.915375954306826,-0.7345541706531393,-1.2919943555146358,0.6234914439313624,-0.8998758374789886,-1.7402128831602255,-1.780260043209323,0
0.32690919183485967,-1.9131061771836415,1.3951684525443548,-1.3784115229708975,0.4262653407817192,-0.22124788795701722,-0.2285939150723899,-1.7128114305598166,1.2110090008488625,1.5722099390130104,0
-1.9559333304630862,-1.285583297211529,1.6156167551819154,0.1979744512002326,-1.3998416870071595,-1.1888381895633646,0.6399449769484566,0.8992672889874922,0.397707234319741,1.812593519650103,0
-0.02374558535289184,-0.7989123514298933,-0.09106836009681407,-0.5613348253335562,-1.1023364293012547,-1.8161470026394397,-0.5911500257395033,0.8456373908389692,-1.9262487884992248,-0.24328594717626117,0
0.5760376057994736,0.44161643669722883,1.1065937435548636,1.24207886263919,0.8468232836775513,-1.5888092154210023,-0.09991022398255733,0.41362382995043445,-1.0177358447621936,-1.829792729412894,1
-1.1056387164958124,-0.18042239306944463,-0.3442787237815965,-1.2933320746913535,1.2976621707339713,1.7027466749468982,-1.1946067237891391,1.7182916622688866,-1.9285561632992767,1.6998498908277817,0
1.8077151603236317,-1.9517925479362992,1.0520771871069923,1.8808062902793736,1.6236088752711133,1.882840644784852,0.2012940227905573,-1.687375440458447,1.3991567912201446,0.4553130232360463,1
0.4589469767531562,-0.3309855605652552,0.2873679060844365,-1.3856808836555419,0.9590801062646013,-1.6999307705938307,0.9191230681751681,1.395913690499416,-0.11012528974204727,0.03932146422819738,0
-0.751142908311687,1.8778343349023503,0.9324978982381813,-0.5240457867986201,-1.3007704550679797,-1.1216816311916347,-0.14431085555979983,1.7702736012573514,0.9365853830436723,-1.1390250072834007,1
1.4382445336755922,-0.4871979079612756,1.4068887310100746,-1.0332016080754762,0.4746424477452704,1.7066819523251278,-0.9684239634088234,0.7717063623434197,1.9492504798285752,-1.397606851027986,1
-1.6463908371973024,0.6967807697792647,-0.6410562090038785,-1.7150220905336355,-0.09877752846558341,1.0150827185758229,-0.8595103983392449,-0.6598124899794611,1.3827976025878885,0.08028764904595231,0
1.3709278752258882,-0.21444203142516205,1.8119006462404137,0.603178358870947,-1.5364045387230023,1.5403719529072029,-0.04293923667680888,-1.43344412810838,-1.3892394646343171,0.7501357404394873,1
-1.8105099730820409,-0.8536249403447469,-1.4408496381205276,-0.23569028153086302,-0.3425849120225548,0.08750573875542367,-0.8814546835898791,-1.8718256424872912,0.4575444261407431,-0.5051279884705946,0
0.6053399949601856,-1.5653321167829262,-1.9448905788237987,-1.006823008458829,-0.17381070802379117,-0.42371210332613085,1.2412102210938656,-0.4886494232287042,0.12176471841231562,0.37406236976876883,0
-1.9126744334167536,0.060533507384755936,-0.6206749624046486,-0.3148794892669815,-1.598850406018999,1.1312822625945809,1.76961700323409,-1.9109247174816,0.40549105124539153,1.0553762691534323,0
-0.8607696454004423,1.150222339452867,0.5294202030652051,1.71665052908428,1.9240192454150913,-1.8306155440051808,-0.22024895589197513,0.1879511503128728,-1.41302706716939,-0.6548566782905532,1
1.950589791025847,-1.9350781746301142,-0.18996827390246374,1.3706184868727846,-0.7043949491228463,-0.08080598897938662,1.91218298315192,-0.10049265409718444,-1.4763147514140038,-1.7931140333344358,1
1.781666289759794,-0.9367623468997373,0.016255626258203648,-1.6371929356401256,-0.30537951779757977,1.7204220770004963,0.009651974523753548,1.8845406072093116,-0.9646574510504013,0.01818095881574866,0
1.438123167237301,-0.20699058178502483,-0.8820505057192416,1.4219014536715266,-0.440442124509564,0.12289316424093633,1.9061082656605826,-1.2540668209765444,-0.7943974531192572,-1.8757215997206402,1
-0.43264916035978906,-1.1992662776605618,0.7201397416315656,-1.2747141649365905,0.6992510096234787,-0.9460982872427293,-0.5791286635152009,-0.60455739181441,0.8670070006544375,-0.13396294744662773,0
-0.5548044045892677,1.4104908761577994,0.28780250256481077,-1.1446767148880088,1.6003651125747305,-0.6293988158654376,-1.8440824898507184,-0.02159910410218835,-1.5042477822364888,-1.0461342251370298,1
0.9884434907496442,-1.4769927464947257,1.2277768974161427,1.7476291525238148,0.4261284016317788,0.8414367680913171,0.8543464396296696,1.9712318290817796,-0.6338469511935085,-1.34857379502919,1
0.07666893965728594,0.13299923932683289,-1.288350046815422,0.45243767597655804,-1.9435010660927041,1.7106736098168862,-0.9417028887149534,-1.8417591664392328,-1.5670022341005718,-1.0390042068814331,0
-0.9043753255758191,-1.8687600020090853,-0.8825807512250834,-1.2282330540260715,-0.48551629026192566,-0.45932905057612317,-0.6439690375884837,-0.688304465877184,-1.641074889034995,-1.8991802114953513,0
-1.1915427993741337,1.0265977096664614,1.9632390622044884,1.7141047002293162,0.016877422151074573,0.12729542311173692,-0.7416737238566298,1.095757754550625,1.0590267517305945,1.3770894303297783,1
1.5820183087875375,-0.262603007098817,1.0675022724287904,1.2255949151835144,-0.7661615100089993,1.7169689760245999,-1.6226339894413782,1.9770767166531313,1.0803628726354777,-1.626916378702691,1
0.6249185924200025,-1.8632823562869594,1.0807477977767315,1.1968916866362211,0.40964101236579076,1.427441567666282,-1.6084668791405612,-0.8963046318367471,-0.34328991362931793,-1.830168188687607,1
-0.20713564971533538,-0.9391461755497361,-0.42905995159298804,-0.29958947203077413,1.5176469339507404,-0.9186361178894438,1.5749725148650882,-0.29611614074860304,-0.688769117224056,0.010048197340584153,0
-0.32902685454864145,-0.9705107477794157,0.01071729918426767,-1.392793067684675,-0.5922802279081356,0.2631608774963623,-0.3463670224405657,1.2956494442031858,-0.973112953859335,1.8790863153240402,0
1.1388880834054054,1.8703721039898888,1.3525462193212165,-1.4315842965934293,0.10584036254005502,-1.3200859152168571,1.2729094105090293,0.3366485967331836,-0.9462027425723769,1.7183958880286854,1
-1.5392557867429573,0.255449613885256,0.8841622186669018,-1.7646058506702729,0.3914241328248145,1.2636048618523765,-1.7298907423277865,0.04897188442650835,-0.9657712874050399,0.6516978061476832,0
-1.5252905316846204,1.7482057226820276,1.5789143268589272,-1.2561023204971633,-0.7069364625395815,0.35053989861217216,0.8722493465370018,-0.22937593935896716,-1.3748347121560998,-1.5833940247885137,0
1.9990613476573755,-0.17859151422605102,1.4901269965939927,-0.07049598148354219,1.6894305541840131,-1.6489624689137976,-1.5439232346617962,1.7185287508968972,1.7899721801791397,-0.7411302101385466,1
-0.5793404520245127,-0.19019906066096803,-0.33535327973083673,-1.2398191361616133,1.5935015357574982,-0.9867695971774251,0.8210896379106063,-1.7313772890601085,-1.8449946738862821,0.6149218903076825,0
-0.6439365697069586,0.6218375708800052,-1.6239151913246785,1.7994055196634533,0.9940578675723817,1.505068932103197,-1.4541177838219563,-0.7193561244285225,-0.5266233431746237,0.1486905933072742,1
-0.8125260579703428,-1.7574770312423795,-0.5244864770501172,-0.9818027414908714,-0.4563148341471406,-1.212161829519895,-0.9524145017410581,0.5078093617290751,-0.4473846616877397,-0.6184664273220317,0
0.1356225308894916,1.087442163375703,-0.4845281746081711,0.3500779702233623,1.864810501472705,0.0879204564722027,1.6391903060701778,1.1746904970257077,-1.7651252733994012,-0.2836045141229726,1
0.7932736314743525,1.9468476497927996,-0.1664948353539497,-1.6288581834930422,0.24803669885147128,-1.4937448315041588,1.0060782411175735,0.030707989847111428,0.893725473509146,1.4774473075140948,1
0.5157920686511086,0.44975731701272625,1.0182811817585251,1.3698200058106695,1.4762151451080108,-1.8542792172684668,0.22476118719115723,-1.1349227608097943,1.4413835631271334,0.5935907408134447,1
-0.3191100838702474,-1.2475830875145948,-0.643905496320694,0.8151107781608982,-1.1825618191534448,-1.625668218646509,1.552115032910204,1.0568413983204672,-1.2008202773674697,-0.8307538262800334,0
1.888280708523543,0.8327379470364695,0.44208801685529897,-0.7694860583034786,-0.803499423333911,-1.8419055252390781,0.9139274676077256,-1.8272990997724619,-1.9805706488908839,0.9179803514439167,1
1.7954950285965015,1.026012190909242,-0.1134392375024853,-0.05581900175650789,-0.2554543094035786,-0.7014253315586654,0.08685685674336074,-0.27539617143553974,0.3926715201630988,1.592480322004378,1
1.9800376692952413,-1.6850268404683315,-0.4612661093546344,-1.2771752169327621,-0.5915181042978652,-0.850107925806308,-1.3018514734928468,1.056304213685162,-0.014845028683056594,1.676982328868903,0
-1.869630227011942,-1.7320879474720403,-0.3869056682786236,-1.6788907183838515,-0.949081614340666,1.9441189723064944,-1.1641615700615437,-1.2075290343516372,0.2945626751828363,-0.008006836827373132,0
0.32175318881137915,-0.49305888716581325,1.3070494395797883,-1.4456777942301486,-0.28642941663413746,0.7590473937763482,1.4729457611315988,-0.5217135745729693,0.2709823963750111,-1.723440219970954,0
-1.3187236475526842,-1.723447350135542,0.9115235679940876,-0.8477601251114373,0.894981160767351,-1.7344068838269018,1.4501912016333018,1.3421207924443666,-1.6442850277988694,-1.904973974171254,0
-1.7748447480720353,1.4145206925869358,-1.061186043792417,0.19309327143275468,-0.29502318727977306,1.1821021049144083,-0.04440679411731763,0.002643362645078806,1.9563677579996095,-1.3994817730029716,0
1.3228157549837256,-1.7930010175844608,-0.08940492170811698,1.5453392957320942,0.6608558624164851,0.7408584774645317,-0.9467308709740578,-0.32570083455418297,-0.533675746003798,0.08577284063197688,1
-0.15108827942532743,-0.6924065924920426,-0.7780775505153197,-0.9965884333795114,-0.5398110124609663,-1.4002340882637574,1.4884172080142952,0.4084775673337093,-1.4648542976245782,0.7754373368360055,0
1.3906658719918927,-1.0498573117909644,-1.3975976226509443,-1.9655309714649918,-1.8109986445740596,1.0490053932140464,1.9487453281667753,-1.8204787100948936,0.9922838363195705,-1.7125513366361598,0
0.36853129961466724,1.0243011297129514,-0.5631824109290493,-1.956261115557345,0.3807574085017036,1.9649785125601111,-0.969530308646017,-1.2420348912511368,-1.5042964289859402,0.22102247960022448,0
0.3857803974410934,1.1690833486816095,1.0122930944820387,1.5701659791803486,1.2230907933692055,-1.0109316676822222,0.22350961950304438,-0.8103521636256801,-0.6808584817939902,1.7277774769199854,1
0.7275836202682942,1.8983616530044234,-0.33234985312502197,0.1497502934159063,-0.05153832033431316,-1.5708517699050923,-1.0531920218935866,0.11054544241792863,-1.730502779467975,1.725847717235557,1
-1.5046252722265168,-1.2080770143323716,1.0612848957545462,-1.6122618328427452,1.6011123984616376,0.9028038828901424,-1.7255165715645644,0.7673882451426115,0.5265141686852712,1.0293977309596745,0
1.3127914099573434,0.8734022526926202,0.3447051810838877,-0.7101467256728893,0.7890946473197165,1.8278863385231179,0.3500871221154971,0.6573794737370156,-0.2514878312007971,1.0244832389722975,1
1.9906695693545435,-1.3584427037290556,-1.1903788819849508,0.1577510346575579,-0.07449841095336707,0.2862791380268752,-1.8037038091029078,-0.3828941746782042,0.3319130482622432,0.34076540521985077,0
0.6293358470734942,0.8808641160106552,0.5661888133634263,1.16097262155774,0.49904253873836657,0.150030650148818,0.42478571555124356,-1.5952265329866706,-0.9073738370979201,0.1095991226325248,1
1.4919488616068284,0.7162062251519723,-1.6383676861124097,0.3690998017776175,-1.1130480494516042,0.9360662391548917,1.3097634100349889,0.3738250903598934,0.36545043900683893,-0.6456342271567439,0
-0.21499991535476237,1.4564334152613818,0.8932813238686261,0.07901463878337234,-0.5270704550065162,-1.7984810468457826,-1.4279703946944595,-1.2278992418425174,-0.5064658269653011,1.7765745883050985,1
0.020613579434994644,-1.0606393469630757,-1.5769994501539437,-0.6467779015881439,1.2629225422042274,-0.4666288263579683,1.090023224089654,1.2108199045075154,-1.5567169212051835,0.43463901050713494,0
1.836384253484443,-0.39144770038578436,-1.796223643987911,1.6932107610315144,1.5346651262899318,0.08856578883600719,0.20901248137603856,-1.1530355888955004,1.2778030221785492,-0.00559984643149436,1
-1.864488819429774,0.7320598257959912,1.8019850792108243,1.3166019613830011,-0.8912074391578408,-1.7866996602666374,1.7614056501527222,1.7482508995188057,0.1296612788514775,0.5692696466861404,1
-0.14959975715676688,-0.3209385316049653,-1.5222062562851986,-1.612988406555616,-1.0690714132952501,1.3465629856261772,-1.41667079705728,-1.093205392341157,0.1944562372888301,-1.1394751276869024,0
-1.3471732611288516,0.25326496679184896,-0.5276269160135381,0.5046371433618768,1.6488213616347052,-1.3960274742597294,1.6537346392522556,1.6099598696916746,1.3163503333436113,0.5251436692243407,1
0.4805866298621897,0.5568506397460062,0.7619822048712526,-1.934071197615372,1.8323703166425989,0.3424150458623192,1.1258633576096866,-0.4908726437545474,-1.9504111443368162,0.03893863950577581,1
0.028760477263715778,-0.25204284675419286,-0.641131783351693,-1.0006956487611118,0.11017949798873117,-0.4988874412260236,1.8797275321992348,-1.3082907689322743,-0.7213377294916521,-0.824158116301716,0
0.17323670494382792,-0.0028789721034083726,0.5749618616970924,1.8000070822968315,-0.8591156580245305,0.771086277019986,-1.8998391879792655,-0.9504461090655019,-0.14512108801362888,-1.8760208460754622,1
0.47067784221455566,0.7132424336068328,0.9869268593521867,0.06629801937204904,0.4157786599145066,-0.41573899488605104,-1.8349878699737499,-1.6001925769019478,0.6199836968058565,1.982221198343105,1
-1.9367870433468153,0.230333987305531,1.0040350115302314,1.3070993120555148,0.18081960489056037,0.4796639207364204,0.7868997810982137,1.4358649987737224,-1.5108418511887254,1.7047287850994537,1
-1.89593038579372,1.3447990038311013,-1.693038293761211,-1.221487153580311,-1.9844234144754695,-0.21897317785583725,-0.6625630931304309,-1.3360283540518907,-0.19563935678437483,-0.39051646731126466,0
1.0706441307949661,1.5725212242801296,0.6102690070683274,-1.5023584450939045,-0.8184368211605975,1.6532731873291193,-1.6450620279684434,-0.3725766424366941,1.7700184769339251,1.8026593658779428,1
-0.3551872918044303,0.6695875523951895,-0.1730176065840041,1.013842157745367,-1.873674677228006,-1.4233714043145662,0.45679521417439695,-1.0697909502277456,0.6642091970765942,-0.5951082901548066,0
1.5465822325112857,1.2770375422399458,-0.02864879972487122,1.091580348379431,-0.9154484550596385,-0.022960892752549533,-1.2100717925468873,1.4435446740839755,1.2922704662736595,1.608598673636005,1
1.5099079248970377,1.838385048237979,-1.0866550734722962,1.727297163181262,0.28485276540799065,-0.31001966432739136,0.24149558387149206,-0.6295905733988887,-0.8457879721561916,-1.034742648089885,1
-1.6702880421714927,-0.013740411411250264,1.5510467028555497,0.5206078770975386,0.08390253102309408,-0.285628326996334,-0.1423934947312322,-1.1628906097121963,1.291743508772389,-1.2064681468738878,1
0.8664910269092521,1.0399400459846104,0.299476168110937,1.451705499819314,-0.8357985901973999,1.526468884971453,0.9176418383972167,1.194999311047043,0.6583188381092566,1.3853720679598776,1
1.9723954508705437,-0.31934858190144544,1.2556627348382814,0.9783190380721343,-0.18851933715192803,1.707795998930048,-0.4222962817096212,0.2618636651049502,-1.5762305720361538,-1.096899223734935,1
1.3627846821350427,-0.4137891086846106,-0.42366364233896725,-1.016075927237519,-0.033558662810182494,1.2232678454024897,1.5806564710949584,-1.7195422718232645,0.2992829249604618,-0.13090652843066186,0
0.4571274018863134,-0.21089725236692347,-0.4054207165863395,-0.11247715028204253,0.3279965150256565,0.003932844127107149,-0.11142219591741531,1.271341239832323,0.982591964951431,-0.6344860232752287,1
1.2023084700612818,1.4146026760180006,-1.386031178503238,0.3307298469230351,-0.8587520256031449,0.9566892877068902,-1.044858682565267,0.6856140966921274,-0.9795013757694644,0.04457505371977266,1
1.7945858716647685,-0.474769846174262,1.5029539438528308,1.9477783248155784,1.4994033952206531,-1.3365358811066286,1.2786328781406522,-1.871402419597755,-0.4267924652027686,1.4829334932714553,1
0.7550088510396793,0.1309617093515123,-0.4485438996695179,1.2491877858811442,0.8382336157928836,-0.12637872153730667,1.5699373488386392,-1.0802079287254704,-1.3184339633655004,0.5712150573343262,1
1.8879773708070813,-1.0109737067729188,-1.001318484264694,-1.4420046081512403,1.4422542210945286,-1.0944098383546637,0.012714106899551325,1.9634899120088183,-1.9514363963118257,0.22594436204317647,0
0.049156170819783185,1.229789505640619,-0.5788738417888921,-0.3586345644038338,-1.3282480776045453,0.9632609265431467,1.1388356367525931,-1.453346716884679,-0.426171704046713,1.571619981450732,0
-1.9891709052968514,-0.8049637175094708,0.22016914021019085,-0.6636245613601868,-0.9118192432893224,-0.15985006038714955,-1.273907567561225,0.11850096383793529,0.8267836852529036,0.30117981051400866,0
-1.6275626765658764,1.377634456662293,-1.3000886500500473,1.0592480024445146,-0.5577395568965984,1.1310453922244093,-1.174908386378617,-1.2533515852182808,-0.011896615130071009,-1.868255941206558,0
-1.0988106448706665,0.8960490087373931,1.349533913221702,-1.6768585442487582,1.5283108377524175,1.1900688162127162,1.4787371828278615,0.7937142183153596,0.696612269175859,0.10037293337945519,1
0.61114889796526,1.6764386582664206,-1.5979119943331663,-0.7369420886156353,-1.7101801056165127,1.7792206877761538,-0.21893813600244805,0.7013778827047537,1.3644802580172857,1.9640009923059543,0
-1.352870168830937,1.1980504228729147,1.5496915925469454,-1.8044984925964975,1.0163622407422936,-0.5810987152137987,0.5943871658817281,0.05619278415545903,-0.9610309916534523,-1.4591145519840558,1
-1.5322110676431668,-1.5867085691660332,0.551160160538311,-0.5943565944018476,-1.1334662471765102,0.7675403708236122,0.7473982630658673,0.1566731694279908,1.7398312674634036,-0.45834307423431486,0
1.343451885077172,-1.6994423682712148,0.9593243761540178,1.95378965532772,1.3863928651512674,0.31865887724023745,0.5070642573086426,-0.5868418022522128,0.7179408730324157,1.0815815327253082,1
1.9929139244714156,-0.030148331998268052,-1.754783736906231,0.38343180292394097,-1.5239034000713256,-1.0209398257755598,-0.684880354777051,0.9241194925936425,-1.2647675044859978,-1.3369882126305899,0
-1.8201430300046901,1.4929597454155235,0.7740216974242426,-1.840214137529494,-1.8868307774475417,0.23469718590022426,-0.8698623948531559,0.38690540172771515,-0.2615832972761387,1.6932502492410184,0
-0.8487639401545284,0.716581473755574,-1.7837827535256032,1.8234421367557014,1.9230298716334087,0.9562985160656496,-0.1391501137457074,-1.1200262426909546,1.2500653609918588,0.9454163885880891,1
-1.1121838417562038,-0.19513882337093724,-0.1488042487328598,1.3056421998908365,0.7353787373363061,0.5726701741602205,0.5993096902531136,-0.9181196824700844,-0.513154960681864,-1.8173508582531754,1
1.147764543248495,-0.2680071393207446,-0.2470465716497059,-1.0185749402654931,-1.1622908741622844,0.35128771827611693,-1.069787939185297,-1.7431645937381424,1.0700296639235933,-0.49412226237453627,0
-0.4790576644027822,-0.2747268739368347,1.2601792936323752,-0.7166524162407315,1.0321448450313442,1.758179363118173,0.6434727836991976,-0.27327567529190144,0.9911588925866588,-0.16841052099445797,1
-0.34229091556743674,0.10113265429073293,-0.7291106607628248,-1.5829991348799952,-0.34059197789533924,-1.5045724754827923,-0.35823410577821324,0.22773488485380122,1.722844724822587,-1.8551106758187856,0
0.4858336260077767,-0.16905925339969086,-1.9189554871834433,-1.0018072962451186,-1.5260589905807938,-1.132823417074221,-0.9017190261563273,-0.39477465847121485,0.11615757395556114,-1.9960400242944556,0
-1.3525225574850368,-1.6257344575647972,0.1986935970509749,-0.6837005183949207,0.19359094413887235,-1.1127067913012887,-1.9030825836496605,1.7654676050809872,-1.566767515244024,-1.4925650081531328,0
-1.413812693959438,1.9251060959730908,0.4706409606799844,0.44115980681540234,1.9467928060741184,-1.646244922901381,1.8980035701691564,-1.1839474137838364,0.4922860142481418,-0.3196657387888333,1
-0.46419274609128713,1.7249733139178502,-1.4030890862389742,1.9882760443049743,-0.48349975563380587,0.5950996155542176,1.8716269259334406,-1.7695957984841009,1.6914574517007623,0.2712455414173731,1
0.8175875159098092,-1.4032632644546066,0.13354972332412895,0.6940548589009747,-0.1750107704492727,-1.3800592875757731,-1.0235236996576935,1.417571163973994,-1.8621160286689489,0.8354483137632496,1
1.9975601460581074,-1.9700680155729335,-1.3558172687202403,0.6965772035725379,-1.760036661658607,0.3591599354234356,0.7360004142442245,0.35258539245628073,-0.5392611879157312,0.7891291839465557,0
0.37717771205528194,-1.169451311624321,0.252542174340439,1.52762886855571,0.6673331427617999,-0.11283397042461152,-0.7136635885221954,-1.6564551622497086,-1.0214914689638852,-1.9552529876524924,1
1.9465036700998577,-1.1100709914850402,1.2595037707414907,-1.3254204727800856,-0.8655954015777043,-0.326890723086533,-0.7023773434335796,1.1934032510394443,1.8307736320616925,1.501177934603394,0
-1.3856885322089738,1.1067547053971611,-1.4082123467811543,1.6535244262484055,0.07151430267431369,-0.654475647773173,-1.3718980106632288,-1.9527636472839816,-1.008212033356461,1.6560802531252476,1
1.18904876908891,1.879174831002878,-1.5969539155145078,0.36871497402267783,-0.9713981038768935,0.17176682308962965,-0.7181804577461794,-0.86613779902657,0.29538120809838997,-1.2667273525218388,1
-0.12346625211153262,0.6032490601761391,-1.4872717072687838,1.7223770835076162,0.022898797816499172,1.278111887537369,0.6156217224842533,0.8400037648901821,0.8645237639713521,1.5003995882458905,1
0.45442174018769643,-0.8871313931144416,-1.6019614285381714,0.4250024778005659,-1.7345887849176758,-1.0348261932418792,-1.7571712615923532,0.19555035602626836,-1.3586475002285279,0.44162927773389304,0
1.1634605234530704,1.2875228830874494,-0.7618259674494903,0.19581813077798405,0.2520430403454359,-0.10845127138333366,0.6204555656990594,-1.1596515047058658,1.916972958347177,-1.6076806916362703,1
1.3168845648124767,0.37638394780475126,-1.0205810112251363,0.9827000026411992,-1.6620764172917122,1.0976713377951324,0.3599408889720541,-1.5569987264143936,-1.681977747630519,1.00334533374585,0
-0.8282563739846514,1.5572074030688539,1.0482920841207042,0.7927609788708643,-0.8855757894661962,0.8357780760864717,1.792590738059336,-1.6337606625177243,-0.6953494319857358,-1.0613109381536234,1
-0.4269994623973332,0.9693306194157856,-0.10302967429845378,0.28292242448098515,-0.7433804476866306,-1.4348429316515978,-0.9322654042490859,1.438721204967948,0.4096678486136418,-0.4880453072110651,0
1.1596239269423503,-1.742170270180365,-0.9844356483104573,-1.079587383770643,1.9414582486728884,0.824394329571041,0.4711437455542167,-1.9800601388221084,-1.2627599916405705,0.5421651718923131,0
-0.4811226940733371,1.6971215347162434,1.0588968765670317,-0.21046370878352016,0.9980599101530818,1.9016172953048862,-0.15607670119411754,0.5701035515541335,1.6746584602451806,-1.005301351855307,1
1.5462316546651134,-1.6098211729080694,0.5937926823505859,1.1313526202231374,0.45842487700970436,-0.017860783389827883,0.46938839970274415,-1.3933451648822217,-1.1377171586791266,-0.9204026241746321,1
0.3911173625201525,-0.23239570501971807,-1.0220966300566419,1.5312373285783205,-0.5043126388271064,-0.21587312308043538,-0.3611956938040217,-1.2722281788929894,0.9265080617209334,-0.20616695092456805,1
-1.9349715604291262,1.856054809439188,1.2630544463816546,0.8942374163672131,1.476367482074116,1.627229014422201,-0.6500411744622454,0.4438347136667944,0.43523123682237674,-0.9308013247576121,1
-1.1121909942117312,-1.5443709807239117,0.6372567836658112,1.1236759641231195,1.0438119180680152,-0.7348984912601026,-1.178960598139191,-0.18554328618151228,0.18725384096204234,1.676348511874223,1
1.4992926170962164,1.6642333252073107,1.4010495405439185,1.858324817745245,-0.13800001132377027,-1.8101060102676225,-1.665751871406087,-0.4388954329106274,-0.9692516349080109,-1.3202376345557307,1
1.8128150980345943,-1.2183216463575102,1.837517089260924,1.0433553612848283,0.5637826885008939,0.7040758403575134,-0.674102705363504,0.5857081522331287,-1.2532315268749388,1.750821730143918,1
-0.7928266401576258,-0.9792539508258313,0.84465119277663,0.6257948722647275,-0.19480432662677893,0.5297849387631453,-1.3620277129565754,0.6933132296078202,-0.9175572192192245,-0.9086560932941707,0
-1.3512802602248617,-0.6704914598553415,-0.6749957587546875,-0.18328395319092294,-1.238321981334602,-1.2279698553649347,0.16695428665291345,-1.4844903813180994,0.7555880319553405,1.7757885034503862,0
-0.29281751334248707,1.604421252602707,-1.6067336354965422,-1.8281694904974217,0.8854755100553597,1.0440862919259861,1.3722329638630053,-1.7727292864000743,1.1076282198273217,-0.49384506881367285,0
-0.7866494692712056,-1.3079043146268123,1.9840630204101082,-1.7453456427245455,1.3080320584319978,0.5579777419621101,0.9403217770474686,0.8468684796871857,1.4337379402927302,-1.2648317205755668,0
-1.9967015326612585,0.39411395617306466,-0.5845654427066642,-1.5048506755314492,-1.2554449835830446,-0.6730027501631084,-1.719066516453187,-1.7723471914861966,1.6641050193297766,-0.7515890025852152,0
1.9289227898943397,1.8574680333215996,-1.4297148706915448,0.8596972115847636,0.4032195565082768,0.7625882924206144,-1.6152359999421009,-1.2457596854617679,-1.693445354196474,0.4165368208682847,1
1.9463643033963645,0.6879381506317657,0.8430461400877185,1.9383401661731243,0.7120462166871846,-1.8392737094861187,1.4680224034263905,-0.5412868384848148,-1.9825455139411385,0.02893671024328226,1
1.7480600035050546,-0.9706772512200672,-0.0339473077886403,-1.304892448870437,-1.7692293133342396,-1.6778202131475473,0.9080436238454217,1.4562978829685962,-1.4268046429900356,-0.8467257287581251,0
-1.2198821294206907,-1.8925768922942883,0.21372547954793442,0.7996886805505903,0.5915099235402819,-0.44778581079100954,0.22004098375962133,-1.6236027734551013,-1.3827851251092622,1.7271784782119335,0
1.0460309912795873,1.6909563833006693,1.666721137997469,0.5975704684309626,1.7129545924486607,-0.3331835876701472,-1.9855350208602363,-1.7497155366153625,-1.5620506971967392,-1.618586187268559,1
-0.5931904365989462,0.8050832284374305,1.1625952264019799,0.3608530973784987,-1.4142553017720818,0.991606408592701,-0.5807923234496042,-1.948026605312815,-0.8776455178690026,-0.6775977834360885,1
-0.9030178591275884,1.2474806127503424,1.0397055903763612,0.7822081216505659,-1.4439796859509388,1.231335638825128,0.7087038466532949,-1.2206492540744325,0.5923757211260656,-0.06595343598527581,1
-0.2425997525750998,-1.5515073461104447,0.07321710338066145,-1.6002727641105454,-1.3429864509829335,-1.4698147429009492,1.8164331162800305,-0.8605412382244397,-0.5791827056159691,-0.7116775748158557,0
1.5930017807125751,0.25186364533955397,1.676639595733247,-0.8003003766884178,-1.5406613022722042,0.22487381089669833,-0.61785203283993,1.2076273339629933,1.5176936356466344,-0.10970595637171288,1
1.8854360963420334,0.21205202537762347,-0.9163184264547501,-0.0440979386229019,-1.8507588303882896,1.2160046410522702,-1.5942597965823162,-0.7650060459879802,0.2612661880197735,-1.8280994974124045,0
-1.682732403274207,0.7844654304520513,-1.712891627756925,-0.09166853501049399,-0.6452174663169985,-1.0876823681743342,-1.2448844085453383,1.0536451749303177,1.8061687726011302,-1.439281031186673,0
1.8387248766965079,0.37905001390041493,0.5666416214530283,0.8397055125703274,0.8164755614183239,1.279244432742753,-0.06612539460921019,0.13343435005880444,-0.7046919901463364,-1.5789696248675318,1
0.6585607637048763,-1.8655601232549963,-0.8974597956665269,-1.623080542215599,-1.2370913707091278,0.5549236515895233,0.5139065208196727,-0.3157803480171517,-1.6393120940420354,-0.2665043341623665,0
-0.5890205125668264,0.881836611423799,0.31610643279620687,-0.033736930652004116,-0.052071670780019286,1.8651875490416754,1.025176886813802,-0.012081758159488754,-0.08310954844408958,-1.8940835947801462,1
1.7700370532792267,-0.7233041129306814,-0.9762436724770249,1.9976357015506854,0.8747586860180978,-1.810544906802848,-1.7524580918976942,-1.8979937441592085,0.39847559805147625,-1.7137419997521928,1
1.7335534273797224,1.7476261600907117,0.18421626699231908,0.4665557255838033,-0.8324223938990007,-1.7441098303669067,0.9498417807672621,-1.5928560450039302,-1.6577694359264274,-0.7551075631831048,1
-1.9501373606484718,-0.263857536974736,0.8307236403203069,1.2053957256877559,0.4172292151956851,1.3874968124556504,-0.3739911849315587,1.3950883402419065,0.02589324199351717,-1.1078554880068188,1
1.7765825866418639,-0.900116504651534,-1.8951940632488276,-1.0293038281798923,-0.533249754970289,-0.5946012668429437,0.09867003777428662,1.532507528143694,-0.8306470915612034,0.08308243183667541,0
-0.6394441852460826,1.2870922374928018,-1.3695939468460865,-1.585958926759766,0.011981012950406988,0.6875503430619676,1.182100804363066,0.35849941162126564,1.0953990452760025,-0.4291597657563049,0
-1.868529318934124,-1.5356027683937739,-1.8451095950840153,-0.6842253980940294,-0.018034634925270687,-0.5747300653722425,0.24239790026556873,-0.07756340602884926,0.7117712074557612,0.6678486542536248,0
-0.7277434115652821,-0.6151421785556339,0.3405912865652132,0.38572987156336724,-0.7412003454514675,-0.6787284568982992,0.7761800527445883,0.5896432915042782,-1.4597967812809012,-0.23583248129842627,0
1.570824314842361,-1.8547772955820991,1.4206557859368547,-1.3472873717434255,0.02899452984686368,-0.30265428430795405,-1.9594826506341647,1.661587748358528,-0.1802990906627775,1.81707310704246,0
-0.8530243960831285,1.4651030936638896,1.689558295982522,0.2273296654831225,-1.18928884852913,0.7409897284228801,0.19591226611784052,1.7781186634105035,-0.24291175275803267,-0.925945409440712,1
-1.4468519940235716,0.7945342747467179,1.896438475922329,-1.886624917714406,0.9617814191125071,1.7077214502386666,-1.7008738630906026,-1.5593198195754674,0.7678283937988346,0.5918535035831534,1
-1.7246903387350172,1.3376910086046259,0.0936953913795695,1.6287894933464502,1.5119635239708176,1.250031076200663,0.06359558497768525,-0.993157433002271,0.023902015644530206,-1.5967544887928797,1
0.6353845938937046,-1.4640911230839695,0.04469185000289233,-1.7824721033327289,-0.8019500389014165,-1.0716781573208487,0.48012617084668197,1.1471468480900349,-1.7707881818378954,1.4011347406215369,0
1.443070779818418,-0.6309237028479089,0.6360162638812885,-0.3895478731862019,-1.383236471241474,0.11464967425244144,-1.6545613019936134,1.5138886215839515,1.6971590376384342,1.2864525480456144,0
0.2501124830239143,0.23039436450181983,1.9384295064037191,-1.0083932406752685,-1.69620653637917,0.24776369440471102,-0.6848576087595868,-0.710644908767823,-1.9716585833202078,0.3849576381917319,0
-0.9438651908975437,-1.248565807229276,-1.8382722744279851,-0.5425536940975548,1.5158754895458295,-0.6533167696105107,0.7162968404783747,1.0261878536076292,-0.6875967632392017,1.286562940048165,0
0.7675186386677963,0.2369689148038061,-1.9960301437974843,-1.8596369363087675,1.9634633764242535,1.1291356940142374,1.7502610350917882,1.60921281967211,-1.9182280674289967,1.1673891591642955,0
-0.19541702395538163,1.1582328160026227,-1.9731368633464594,-0.847202795197743,1.0052951031652086,1.172083154406359,0.47885840485849585,-0.794975242214945,-0.7585496348485483,1.8670558545681306,0
-0.2431512830631819,-0.21149779902465182,0.209331000962798,-0.361990652542445,0.2106862583896567,-0.2706583089297685,1.3068596784087467,1.6362040791931358,1.7284410392614467,0.2571848233175462,0
-0.23140577014201869,0.8209602351673517,1.3532943651836264,0.2519289682655086,0.7999240872890452,0.9989174028849921,0.7055751068691469,0.984534222917238,-1.1654186697760065,-0.006501811912809963,1
0.3530742184203488,-1.9900882765719077,1.4238500352547279,0.4400980337796483,-1.483454673207187,1.2654282903033085,0.8682278657621785,1.0331981738545482,-0.4318301525525752,1.4168100267799684,0
-0.34388967147055105,0.2820366117823654,-1.997430785200505,0.5794924587114489,0.8727031685117468,0.26843746195516927,-0.013764731825535836,1.2397458948468332,0.7254908686609673,-0.8877038411199081,0
1.8362933523199434,0.8290687767813631,1.9517557156496985,1.8850452650754734,1.6756388912403595,1.0214861649012303,0.43771747398786953,-1.3113173452683031,0.1734056696950308,1.0615060895773092,1
0.08342863482227125,1.472956513622631,-1.561376403233207,-0.4762386078054637,0.023857674374629045,-0.27069881652356775,-1.5656538087137877,-1.3858868238214779,1.3504691714219486,-0.062462963194195975,0
-1.8051102929890894,-1.9340349640894003,-0.10609839202269367,-1.3424850963022252,0.8205037839968874,1.1812938501110053,-1.0868131661715776,0.36870777952712297,-1.382221426058456,-0.7856693936224519,0
1.5551819767257333,0.17639236592924323,1.5435547805768004,-1.0990087832819722,-0.6799026270053359,-0.1161914461727318,-0.07967969922182849,1.9905918687348017,-1.5422187241154797,1.407860142406363,1
1.4547281576874806,0.21279452615114947,-0.623851326963385,0.07690441715318475,-0.8301291807737448,1.196429793759758,-0.006883365158679489,1.7033687155098023,0.49076537742417514,0.057277332458733454,1
0.844277415910609,0.015731857720937104,1.6180254016777886,-1.2622161564526349,1.8933947349836227,1.2487622074047682,1.4429334474594784,-0.06836867051571538,1.3488061973503895,-0.7729036656911794,1
1.0477927142567007,-1.4381993664439094,-0.7717923361499652,-0.2170693465610687,-0.7107211274263125,-0.45193153750326553,1.280418979134792,-0.9732964314313297,0.9811246886182889,-1.7051517235533926,0
1.0629564300602432,1.168092971319092,-0.39320489799007197,0.8899112926698818,1.6605536149803966,1.2028518942181075,-0.4382139584121605,-0.06314594287974229,1.1174301791432217,-0.8296216406035057,1
1.215530961235494,-0.6877154297562353,1.2239623295421524,-1.6527982265971066,-1.8224108123576395,1.990701789479289,1.4778284929387562,1.5313900138648155,1.80511979042647,-0.2467347623420486,0
-0.8526577812793912,-1.479900019928388,0.004836534153858096,-1.1198067180935687,1.7422034269572788,-1.9839873502288836,-1.4272130490275137,-1.0140965876662928,-1.2041731536272198,-1.0968862536811588,0
0.6241904202447137,-0.6899516867474031,0.4600975276134931,1.561031734585165,0.4102270621028081,0.7781311651455258,-0.5379868071145708,-1.3610461295091634,-0.7176637502003755,1.8571305948164323,1
0.4872455378125484,-0.8899555222639393,-0.19633893135158464,1.3420521497239775,0.6737742828230942,0.24261136291667285,1.5406515065353643,0.6897582888671612,0.5709189231643816,-1.2409274511569275,1
-1.5744452679503689,1.8605684682295962,0.3954334804014108,-0.3372663634142836,0.3560832836408703,-1.7527521557131385,1.2885090956164271,-1.1334178577426561,1.2181840252717882,0.13751377305444246,1
-0.893711945372389,-1.8791602070317182,1.263333421306423,-1.2941594341227733,-1.7927795374405062,1.0235109233035233,-0.5998271105080848,-0.44266397763340004,-1.011729650877124,1.4367139147875885,0
-0.8106818955738717,-1.1592297209959046,-0.7630010946553756,-1.1874016993304122,-0.7293791167791701,-1.6682551085273079,-1.3658798835221666,-0.3317884664154085,1.5178674223595054,-1.7708370131108566,0
-1.1493011729598774,1.6333827021663851,1.5600586966396865,0.717803333183765,-1.0381057836190482,-0.32075775577685706,-1.1551160222481398,-1.485645963499187,-0.480006421944434,0.30328642028140074,1
-0.5602692981407791,0.4432982018638789,-0.8149810584827781,-0.6165978889568389,1.1626943665784384,1.5132589235754321,-0.7118636738757917,0.28606320538110497,-0.8873508644309278,-1.78666143317029,0
0.951428725441632,-1.3159860670553987,-0.2971499050123314,-0.05181802648337275,-1.2621136632835763,-1.621778597346415,-0.6079479413157176,1.8091436302012736,0.46054235995368575,-0.47435908638838997,0
-1.8443567169031403,0.4010931255643273,-1.6309694362585097,0.17017628419010533,1.0078020330869717,-0.30565860682085466,-0.8023540207339024,-1.8104630647296056,-1.9008884993536128,-0.27989372141791513,0
1.5333810828118715,-1.0237488848272385,0.2962220231272852,0.7372232787190471,-1.7566805299945543,-1.3875984967864916,-0.6748928263217318,0.680372696594282,-0.24385955108761248,0.9367802728729813,0
1.47039146229277,1.0334891063941716,1.9689888292529965,1.0174442749265986,1.4087167800298022,1.3294654338600038,0.9210630491201863,1.2072072666235623,1.7387329114696408,-0.09917048589482969,1
0.5531480956501742,0.05975888629109072,1.404147948768292,-0.2745615885139707,1.2789070845789317,1.1974183002285552,1.8475444054743622,-1.004317202970325,0.8384780395436491,1.027677990589945,1
1.7451139712186627,1.6276096722221243,0.2941034468337933,0.31661274345591917,-1.3308350863830825,1.8998508096950846,-0.9799301491862926,0.8989448738051684,1.18318001922125,-0.23513798155447585,1
-1.155225119883768,-1.244158463121253,1.425984003606367,0.04302594699405926,-1.6394520718469332,0.8680778910515548,-0.9993157887798816,1.505579003003517,-0.761712855880099,-1.1989166796394275,0
-1.6605662257802627,0.04612454655058995,-0.1970496487268507,1.0052485784125715,-0.1415896512278545,-0.6247361243025158,-0.9533803374682237,-0.8874130181201156,1.7113916073112558,-1.3396855916487507,0
1.9527056982286006,-0.692322179231101,-1.6464390583300101,-1.00523847684854,-1.7663424817815252,1.1601190766556635,0.05021165016442186,-0.6520535245327963,0.6481984185262499,0.5225861038012809,0
1.759488356910361,1.8450420669935186,0.7227351026616211,1.271263708976674,1.1697004013407142,-0.03478586920040083,0.8178331521336677,-1.6869639692657192,1.0320843326012277,1.8473320287694706,1
-1.6601009874970463,1.3444631383674182,1.731920106597085,-1.0952444407917517,0.09924475043681502,1.7114329018519538,1.8409040180918717,-1.4884704625907346,-0.6039830977781975,0.7925785646034265,1
-1.1137660024562788,-0.7009174854620768,-1.906835759981227,-1.3859132762752044,0.2493179776709753,0.612360265216731,0.5956473243833478,1.1134418831128667,-0.33887434504483416,-0.906037135035378,0
-1.9376771998299,-1.1734806957904524,-0.750448751191851,-1.287172574078138,-1.919422114013591,-1.3702095653392337,0.6643982142702893,0.5183416658903832,1.7427345575921698,1.192673165589237,0
0.2710244673647648,-1.4497746100271547,0.2562872757006276,-1.753619756343277,-0.27646041035658886,-0.4389654842112183,-0.28874476254823334,-0.8806963264208512,0.7433217904952949,1.363777869195118,0
1.0740679703959102,0.5110083831635213,0.15337919733205307,-1.8756632799678785,0.8917359947676848,0.17993175831398966,-0.9170357973444525,-0.6886318445862334,1.7424271458789655,0.4974489804689082,1
-0.09635026136988678,0.4836869588336308,-0.345030700057372,-0.1192709071879352,-0.8387629731693185,-0.24058679763342194,0.7423689297516418,-1.8402322996541232,1.1801096291846194,-0.8680818365547487,0
0.7302391737299989,0.57090125872024,0.6105121965652214,0.4325156650232116,1.8364073522781394,0.03337665078156338,0.9292764620614058,0.8217973249383106,-1.0549296908866785,-0.8667766432526975,1
-0.30393160737212854,-0.8892082781471631,-0.5330276042801612,-0.4361575442867762,0.4154582437533758,-1.1204398290597535,1.2171674635067493,-0.2498545729139816,0.8249764467329874,-1.6742300750367285,0
-0.12013842350253245,-1.8871218712906868,0.7036399672622591,-0.6251596920117217,1.7970112564233145,-0.7035031415943225,0.2552235920709074,-0.9704496972215413,0.48045051578936127,-0.13183059946706166,0
-0.5174869539774685,-1.1852426036792805,-1.5539146241141788,-1.520483464173307,1.9961600700222126,-0.35075709257106125,-1.9922811685066422,1.8117151625040573,-1.9200803030807494,-0.3256554977818653,0
0.8699103438826237,1.6583969774870466,0.8515451657284041,-0.14549698039995285,1.8977681559364137,-1.8427224678669183,1.947568810152032,1.3975662068337558,1.7157200685054366,-0.9809103036098534,1
-1.430167710862921,0.6532611174908003,0.06343775194447998,0.09267184297751774,1.6984767139328705,0.48032362661304884,-0.7557446595816404,-0.3997337743284959,-1.466016659632595,-1.2307438388972427,1
-1.426599719161846,1.241165364845418,0.8194938718884752,0.12138007044340737,-0.502528665489717,0.6739771612974019,1.2516213907830438,1.524932862686836,0.18806491282533422,1.2795404872788034,1
0.0452238136507801,-0.10187964324843657,1.461727422488401,-0.45450425494134405,-0.41634928383719094,-0.7803546188603354,0.07480691317846677,0.1794001347578429,0.6418445812418279,-0.2779907595617179,1
-1.1286508324656026,1.4673682496555034,-0.6159965310479425,1.6917736793606988,-1.170586667894177,0.2402299049449219,0.146460374117809,1.3145913917079812,-1.444594452996681,1.6397486916698454,1
0.12571268868828067,0.3444375356574656,0.04066517319106833,-1.8559003726549341,-0.011637352773607557,-0.9458013492920379,-0.6292472784886742,0.5964063967485598,-0.009211482103576252,-1.6271271493301582,0
-1.7078349009529643,-1.2573692175305187,-1.2364594137111053,0.4332030278854595,-1.2887421438178288,1.5268776930990824,-1.1609573575463474,-1.6354742182944695,1.5029840654385875,-0.818689695693068,0
-0.2983094806650568,1.8361055360497693,1.7774768766310953,0.8596675570596712,-1.7242441930697812,0.37336050164558987,1.9563117401690313,1.787664913695922,-1.5759900299202285,-0.4161307876385254,1
-0.7378530163886428,-1.4810875723803778,0.7791932449950436,-0.904606542559053,-0.6205367874988088,-1.6385644931943282,-0.008129764885337565,-1.367328545391774,-0.2716383056820435,-1.426631111586794,0
1.815399559800583,-1.4200698672114296,0.08754861540253289,-1.21208069872405,-1.694552786109563,-1.1907655246316073,-1.7809035704382556,-1.4424104675160447,-0.026063368947132126,0.6072620842302969,0
-1.6506407397128662,-0.23592550438292603,0.3249880914134078,-1.063097295155754,-0.5116863539358985,-1.7126605210655654,-1.1194756790676204,-0.13298829632423992,1.961768715701289,1.9850602517565337,0
1.9184867244971517,-0.3076544547986897,-1.67727848634134,-0.7057062510026659,-1.0491424985160909,-1.9434937003605817,-1.6190655588464984,-0.1872322598037357,-0.641350144782812,-1.2785851134620678,0
0.8643998826349883,-0.5715376164135257,1.4074714229861773,-1.0360913589475307,0.15357396034649895,-1.2634431314032701,-0.018797534456632015,-1.3901339640864552,-1.3536855025139123,0.4488935081680627,1
-0.9448558312969331,-1.3105310937430108,1.7190730005402926,-1.8279869970397957,0.26059245078354865,0.19305536733306106,-0.9975645023877608,-0.18891301954872874,-1.6490488676694581,0.8850805836955424,0
-1.1132114064927072,-1.2264585606937763,-0.7404860868899878,1.609479681052568,1.1858665931341705,1.7875691645350305,0.6078493841323418,0.6516860441283505,-0.07987600229513214,1.6207452934679019,0
0.04350859708131605,-0.5797597168199013,0.5615000396706606,0.18455797360385384,-1.503920738760418,-0.4290983443502818,-0.7466983556220801,1.387335100044527,-0.48462977210756497,1.2862209305555705,0
-0.23044162439621774,1.01400225378244,-1.4588722859552403,1.6986008786338496,-0.07776043680432698,-0.9608070174947745,-1.0340415745407725,-0.9396908457001123,-0.5331033083281294,0.870078130702467,1
1.7984121716031742,0.6761497204945286,0.188665083776403,-0.20560876793146132,1.3127778681504658,1.3986288097842796,-0.8278493022687257,1.8136809946137205,-0.4195385471744717,1.2003122767661112,1
1.8672795123289334,0.8146324034224448,-1.353797094195225,0.3445478206957233,-1.5248915076176863,1.1565681594757051,-0.8747393045044682,0.7808592922400743,1.6403586965207957,-1.2759605973193104,1
-0.42856864559533303,0.5884751522942651,-0.3213656287619955,-1.300724233501139,-1.883713543324812,-0.3736074251921484,0.5968361063276815,0.2959368326099545,-1.3750350409574303,-0.19722622453045346,0
-0.5221158152749887,-0.9031903908264005,0.9170849754415569,-0.7613918798912627,0.16056780933211678,1.6928941410784661,0.15710392901432968,0.46809164064224307,-1.7070160553297944,-1.2874634250330548,0
-1.5961952028075461,1.0592517934233605,1.3436843236673695,-1.2541788272216894,-1.1229129963076359,-0.7071708420288685,0.3643104678153417,0.48718477520007797,0.7470158341658304,1.6207710248538505,0
-0.8198394380138474,0.6350359568271027,0.23889138311076863,-0.7766510383497316,1.6296607463746935,-1.61806635216313,0.8480041073282059,0.9114948520904078,1.6613061107598464,0.07432236940541426,1
-0.7135106471230164,1.310962679440082,1.0832411273295706,0.0012624576778814678,1.0714295025352443,-0.9284975916909568,0.35802532161387157,1.460733819151502,-0.72806198153395,-0.06580007027702717,1
1.8041794166915577,1.1928473678869467,1.5481560813222108,-0.45901175643821457,1.9860210385382353,-1.3897375812647481,0.07508233286523591,-0.08290647081500246,1.193728763200538,1.6344710900600479,1
0.924557507632239,0.5072649445212112,-0.2902832366059851,0.041303668302936636,0.03720125289928733,-1.9185261052624893,0.012183219310710758,1.4238832006964994,0.8370960445689928,1.1828344885000193,1
-0.4380600409259161,0.11589294765183222,-1.866065724011598,-0.4680082313226257,-0.10233582042942402,-0.9791644016036734,-1.8750360840374007,0.7616324351158084,-0.25964899660462715,-0.3372872275510632,0
-1.0000529838859644,0.1513215959920684,-0.24789287491707412,-0.10406210788363612,0.323485393745528,-1.9747014110410586,1.6307836141536902,-1.715650412219675,-0.1963010107360219,-1.1705084990424743,0
0.09512947747950129,-0.8790795648114487,1.4400259922504155,-0.414560664150319,0.5550222230737494,-1.0044810874084842,-1.92237539802393,-0.3833818575468957,0.1459459582331606,-0.1618113949529989,1
1.8480574552754399,0.8273566953841134,1.982679202501581,-0.8197596387441122,1.1562131184285862,0.22223387018645546,0.44704141779399764,1.9434128017693109,0.6159487990044679,1.5952675693476714,1
0.9030009388769882,-1.4904555131009998,0.7976948412892502,-0.06273764525807213,1.6751919719293697,1.2273377887618206,-1.5834612495710991,-1.4643374253857662,-1.7215559928055777,-0.027020501021530308,1
-1.676912963170588,0.8947133462987762,0.20943432580173083,1.3435400702125695,-0.8808168453147349,0.07656313664456293,-1.5300812563578226,1.5384400106011218,-1.2999801508406468,-1.59055099459838,0
-1.1797976059072668,1.2249259548919258,-1.5767418892612688,0.4577099793526638,0.9847252024605027,1.0043246419314844,-1.2397564535674754,-1.753504006489552,-0.2047744649111296,-1.1900586190218156,0
0.797083236055752,-0.573228801378316,-0.20258423586747165,-1.5460602675931527,0.2702011461927669,-1.2579032414723708,0.7159426436597482,-1.7153247098084252,1.9035783691252934,0.7381079143432467,0
-1.2730817287522953,-1.9436214181525768,-0.662148431179125,-1.3887469437911704,-1.1263546675218161,1.4910010337515578,0.412818640203398,-1.294169387884402,0.22663760274979516,-0.9768773863000271,0
1.9048034574323567,-1.868971078945219,0.9292736886712603,1.0919881047657092,-1.731348944169199,-1.3125225430745937,-0.46277336358416976,1.4726193061162713,0.14799975367399743,0.621227400029162,1
1.1320513418273705,1.3124911533500798,-0.09486182766527573,0.03517255509392525,0.8720234283511177,-0.9466305650574944,1.4179589454620976,-1.9168527020966337,-1.2169135911611013,1.2007997721460129,1
-0.638967152429311,-1.4006686692307762,-1.2529809771543867,0.12302560774427818,1.3847261173799512,-1.7173971369155576,-1.8780763635014024,-0.13932745665262747,1.8247496602145388,-0.8839607863434944,0
1.8366821562681932,1.5507247063600054,-0.8674596944499555,1.267792257024587,0.7434692102752751,0.0472895556190287,-0.3083354278285011,1.262011023701827,1.172317730780085,1.0277453437702366,1
1.9930238048611835,-0.08595015623446445,1.2276919112796634,1.4499134679339138,-1.1535896741852643,-1.831734231787756,-0.38100639124568136,1.426946737747104,-0.8435868752219591,0.8000406162696962,1
-1.9706074437429493,-0.5785422707190491,0.46206677903260474,-1.4809712397106525,1.5864276485897357,-1.374904091531683,1.6391741800159787,-1.1344427652681013,1.9771146956633632,0.4189948531823635,0
-1.6626204222467549,-1.7388910620853606,-1.700313214962125,0.3595709891638075,1.238316809309541,-0.3881490329179771,-0.22065696287255276,0.35715081465851206,0.13216241914542293,0.7522469324050807,0
-0.11285711934789378,0.8554427402562701,1.9892429701865364,-0.5988086310049403,-1.9511381483385968,-1.497499817793381,0.21405673994781527,-0.6229688514213918,1.75993037481997,0.5097843604295318,1
0.0814207438618717,1.192158005088075,-0.9656405158036194,1.2789541611294388,-1.9877555805436282,0.4787094485428707,1.7390286041831158,1.1514398081354802,1.4145367685894374,-0.412181219313998,0
1.296955784400505,0.20332666012106637,0.47416094601279557,-1.764338642656786,-1.1937932113024314,0.2038576620542103,-1.7647957687060094,0.9657872263508529,1.3602280340876063,1.6814494451792195,0
-1.5929261632807763,1.7588809920912003,-1.72951996948282,-0.10377513628873869,1.361004082511247,-1.7187554457421785,-1.9270757080440655,-1.9002091251733972,0.04508095774413423,1.246386978386652,0
-1.4902933157096014,-1.5015589836818375,0.27418742019916653,-1.0628175967523052,0.9208549405794955,1.7985415527069994,1.0641336264016523,1.5087014655156659,0.07834423028668125,1.3292772168701332,0
-1.2683872640532705,-1.7266084384174905,0.6238124404987437,-1.7921899849677763,1.569925676558722,0.7662165884296743,1.808802901635648,-0.7444533747470574,-0.05536676319351663,0.9667614601804759,0
-1.0288840581567178,0.16739528044666763,0.6378691000219123,1.915234617788165,0.9788131769695392,-1.527476598883704,-0.09866619446675884,0.35508313195828833,-1.413507428542589,-0.2721357720756865,1
-0.863976734656708,-1.5246898309518961,0.04816773385381801,-1.3374676759506183,0.3621496343428934,-1.3212122710325382,0.8943796944112843,-1.2190335078813184,1.5851404031045981,-1.8951625738047646,0
0.0879895481829438,-0.7195809364538124,-1.0996938969016368,-0.11358888333940786,1.368078145297043,1.6611088221065948,-0.787005527408617,-1.383025511619715,0.880561790265229,0.3279949018239532,0
-1.1959354052897604,1.0411831523497463,0.07572174096856443,0.6135807980296302,-0.5626438641464451,-0.24360975479049607,-1.2786316065002312,1.0260634705813638,-1.3719547033928325,1.1132103790042454,0
1.1920314195383441,0.9864038562204867,-1.9223088477650383,-0.9074671495733058,-0.1266490288327451,0.3821775148671831,1.6768883974762008,-0.4975761114851909,1.5000932750958165,-1.3462828474526538,0
-0.5148780499654921,-1.790871956714708,0.9699571642224889,-1.3973889702683482,-0.9719199374061689,1.1009330087728593,0.13886686969083994,-1.9441091223261497,-1.9910591810104115,0.042642526959588256,0
-0.7801779450032207,-1.2787542160192915,0.4543757508644437,-1.0862541131302916,0.3688285987397917,-0.4829361976549085,-1.2530151293208411,-1.4475810485250054,-1.0525575874908477,-1.8806715679480597,0
-0.7674921518549263,1.6078187607271768,1.325448503532113,-0.5119849731213644,0.3033344743272153,0.26944223605623385,1.3149501567748492,-1.0548395939321376,-0.8144500448279506,-0.792858265017554,1
-1.8365200409133027,-0.7412485468432313,1.5116551063520278,1.647950590285924,-1.5614586169257985,-0.1677658335262744,-0.4746043936494435,-0.04256321350644843,0.21887809623470877,-1.9189649599290157,0
1.368968991684643,1.894656292693354,0.6136192480145692,0.6418089539734768,0.11191943132283377,-0.662906353142473,-1.4040887032819156,0.3362533707842026,-1.8202343859631718,1.2980102707674956,1
-0.31635320211753815,-0.3409831033521007,-0.6913165660963769,1.8774155547943456,-1.3003321889171247,-1.3947687140991554,-1.3378739938198794,0.634109931403056,1.9675812749183934,-1.0580993183929812,0
1.6224695882699511,-0.8855337631673104,0.5915996805012007,-1.8380041922665291,-0.01738410169524407,0.6182798651159271,0.14527910889051432,-1.0486584604728355,1.3139877930716621,1.8805460449529612,0
-0.16321561723173872,0.5436770607570147,1.1616530733822903,-1.034043757512824,1.4578015277151417,-0.8791963787600099,1.1033232140609552,-1.5516030702943118,-0.8464531863433211,0.13447973575947092,1
0.09968838281726056,1.401724737945465,1.9845090305544288,-1.5711566165594375,-0.9144474686998518,-0.5696071591076968,-0.08432636875997979,-0.024361027382403755,1.4247802525936666,1.082237211140399,1
-1.9245936838481867,-0.17991295766724846,0.47229535297635516,-0.15841765162790633,-1.4774189758971907,-0.41010366523740727,-0.3533772194810556,-1.249136310200965,1.0252284578838138,-0.7143972794300928,0
0.3559491622744648,0.06292072383507019,1.509708316865555,-1.5119402725486473,-1.5429479669861594,-0.7987213235079369,-0.27514012749665984,-0.8058310049914419,1.0527483295809752,-1.0189366275628013,0
-1.660901028911021,-0.3448007604634098,1.093517152553936,1.4022477743469652,0.9333793934534032,0.2315467139989762,0.8967668069967067,0.7255581412154455,-1.0625334700197566,0.20303556881277496,1
1.082437330553728,-0.7315173524994472,0.6158925868677256,-0.07407828992480603,0.01263540378007999,-1.639779848871361,0.6648686612215191,1.4627481414180803,-1.4342748478965488,-0.5355773511342026,1
-1.80533018063666,-1.8814724560944356,1.958633986686975,-0.026113966774461428,-0.5779239254590145,-0.9004916934999243,1.9200505797798364,-0.9909968579132653,0.902833582950973,-0.8649676167762648,0
-1.7180419785723235,0.7331064580717652,-1.9934766094805405,0.7029940462422779,-0.9984936040407075,0.9844169282860049,1.0790006694025975,0.8964289552701517,-1.9020662341295584,0.8149464785750737,0
1.9605824562230527,-1.0294985258975085,-0.9030457110986458,1.254106198322158,-1.3584127797756778,0.6423347020182062,1.0201055100023138,-1.8513573527225713,0.21504837706090463,0.3035090341435316,0
-0.7862284104328232,1.5053786775900688,-1.3490011228005745,-0.5432211619765579,1.3946747485893174,-1.23742897357603,1.2854965453107,-1.6837232905281772,-0.043083731240039835,-1.6986773502171864,1
0.7116143402460571,1.162405956222401,1.3994341929872114,1.925049002975955,0.6880628891983473,1.0762476553600813,0.02303311328531743,1.6509476047245046,0.5750335287978503,1.5342056250053737,1
-1.0581919319444766,-0.01304887712774283,0.9192756842552159,-1.189112981749267,-1.154640826952087,1.9121709616225497,-0.2615585570511758,-1.2727381883049134,-0.674144472073976,-0.4104954069362976,0
0.4923410298808846,1.69205863619101,1.946360303688364,0.60679503564445,0.799689443190899,-0.7126833212136439,1.4286343817949962,-1.1288066591187405,-1.5744774027561297,1.8930239603906034,1
1.456554707282129,-0.7854194618474666,0.7006828655241968,-0.1319265703472019,-0.7074871754181165,-0.8529031569588206,-1.455890219116374,0.1972723291033569,-0.2136132395299688,0.04874568119977729,1
-1.138571330082382,1.7544426830929907,0.554364785322166,1.5984026295333473,-1.5629153358689782,0.4914038634246993,1.3978472745766446,-0.6763168807421334,-1.2194273234560544,-0.9399147767775213,1
-0.908265093000804,-0.21120414030585932,-0.6961455888826737,-0.9149037091680348,0.5940491936205516,-1.7878705133124622,-0.6385448874410802,0.7590078637618993,-1.2966010028759762,-1.1162885511483505,0
-1.1973334983483301,-1.9962955730743803,-0.10492899267370914,-1.8441648423355073,-0.9082407529003995,1.9792136983678863,1.6735848455611992,-1.1396967673746632,-0.7599902723442691,-0.14518167092579404,0
1.377654186636974,1.2105837655723644,-1.4950342537348713,-1.5022046066065915,-0.3330709844238213,1.4803815584550883,1.5283399963820092,-1.5705366012538793,0.2971891518622063,-1.3772992114995484,0
0.7445172400111311,1.6657329917156258,-0.18092283009762555,-1.667668901231794,0.3170167835781821,-0.36593331945658125,1.243595009335841,-0.6386221442944491,1.499588801890357,-0.9051983694608605,1
-1.3699294564452562,-0.7740784907256804,-1.860336832709014,-0.8750161325030348,0.6404705355281228,-1.4308680857736307,-1.5545401088536481,-1.4704588349825984,-1.6897933029541345,1.4985416473717583,0
1.7764604619861126,-1.813755393084855,1.040287126174161,0.948606986868791,1.9876376984401616,-0.6085173531157273,-0.8579640332383351,-0.18767151676069105,1.426300708596762,0.9143745701515953,1
-0.11350474412998901,-1.0217486268565072,0.9080629650734844,1.4181074721687845,-0.40019507573003654,0.6743417832839369,-0.3991519152936074,-0.08602624743406073,0.09964151981965452,1.1029032560891117,1
1.9100239365157243,-0.22253534944707054,-0.6307399750095763,-0.5056359741104348,-1.4644437224992735,-0.8122450487291091,-1.654210346924775,-0.2884229472830113,-1.3305709227558045,-0.6143730161023653,0
1.1743109975664252,-1.016289397643456,0.4475784853682758,1.6047256769944513,0.26771674811818746,-1.2248295489103493,-0.6209352241361827,0.3614768287362642,0.026444559039414006,-1.4055206548923849,1
-0.2128146212377242,0.17226677964099357,-0.9306691421697102,0.4497820613594077,-1.7193596020591606,-0.6535718657379328,1.2171073311102978,-0.9628607963673783,0.42070740001231277,-0.35988114515875225,0
-0.7341594303390129,1.6645267516401074,-0.6269531276784659,-1.0532963940519267,1.637205262561082,0.9837774237432595,0.7271988547927895,-1.8018602317324968,-1.4751801571368968,0.5533598552386514,1
-1.1622686538949591,-1.0974480574785637,1.1165540613744427,-0.8563002046522294,-1.713650791392336,-1.8542722107605556,-0.22728805101884886,0.46851431073858407,1.4755409335672116,-1.5567824198694429,0
-1.2133086948468148,0.11920244362988441,-0.5435665510320997,-0.06985019501802148,1.6964985959368617,0.17956661545874875,-0.3395175575516962,1.9577596267989792,-1.7391373204018548,1.7284537934846878,0
0.0066473682619321295,0.015025351068552517,1.687857336812837,0.029295918372278074,-0.24637163787940475,-0.910045631531204,0.6352670672696834,0.2785803639190463,-1.1426182522088677,0.837651660245299,1
0.576347429346562,-0.41066446317383676,-1.9823963123857977,-0.21367539929524915,-1.975767531478993,-1.7000060428038406,-0.27756039007666367,-1.6723204632586892,-0.897338264851335,0.6219654742358736,0
-0.7655386295623239,1.9905943764860417,1.6652081356599244,0.3412396183420947,1.8677885545397217,1.4720691777300883,-0.7244059246380519,0.9983849839412375,-1.4526728639842106,0.7382056975149642,1
-0.035672694021678275,-1.9326962429887011,-0.903080710438517,1.8215288696169942,-0.7366740596460772,-1.2741821787942373,-1.2498742137111667,-0.08314694143220391,1.3705969626821397,1.032007060533386,0
-0.25259196984890275,-1.1650924662521578,-1.8157403995912356,-0.14947872206907586,1.2591013940727667,0.918727974377255,-0.36559692949099887,0.37881068767040116,-0.2550139162151295,0.31606443916071125,0
0.07002097757419667,0.7238664005006359,0.03083537413249582,1.7624439926702342,-0.2878872736732552,-1.9363347878411563,-1.0545058583640619,0.002427432426623799,0.16228740755464788,0.20953915724821393,1
0.8582083930803286,-0.9014074295298884,0.6596147161659087,0.8161290924768512,-0.3548769895166948,-0.39132360341471184,-1.284300857374201,-0.34405049497850504,1.1472651668280496,1.6358920221995357,1
0.37445276527186167,-0.8025186265828048,0.7291588746389257,0.9605848347840156,-0.6711488848773506,1.306191445958187,-1.7052166714466397,-1.956985129599898,-1.5081169094717897,-1.3759666086899611,1
1.5157161317908852,-0.3000731911148766,-0.9002732321184732,-0.2836995360527226,-0.4206364291974709,-0.794153328047932,-1.4484016703521387,0.6236618478955225,-1.4535823888813786,1.1016978106906974,0
-1.1932479468781856,0.9254852285332467,1.2223444227818678,-1.498695960902197,-1.6530169268479837,1.7982910826146394,-0.1478127729896772,0.5209419798919535,-1.906958239512929,-0.8851592777746404,0
0.021590618237544934,1.5448732535576157,-0.9142423297424949,1.1007652794348783,0.6488517130348073,-1.5389169287770201,-0.8264993088320138,-1.048543854245521,-0.2298896497068581,0.5413369721903369,1
-0.2663209779659734,-1.021853696992776,0.7835150729131017,0.33788437884595934,0.07725562966276778,0.2176783897839134,-1.1123974148247058,0.7217242443698249,-0.44999785784492685,-0.5461287210799215,0
-1.4010631669329179,0.38734933820178563,0.4106576421860262,-0.6387974253338866,1.4394002274621363,1.3818315948617133,-1.5637827740702748,0.7801535512396729,-0.42466097525991087,1.9988594042515713,1
-1.0999054812613904,-0.8779031783420423,-0.2315748217770901,-0.9251394052773474,0.7679734655460568,-0.0763675512740778,-1.1164846606018393,0.025496277946250423,1.5551510654601537,1.1695825874002113,0
-0.004684302292715881,-0.8460295874322092,-1.2804541411898889,1.5135315087475818,0.8406677619947853,0.2886532125898338,1.5177385838146735,-1.513238850503642,0.729957144008273,-1.1331507503470721,1
-1.517690235936052,-0.1375659599722674,-0.45042828094258525,1.7646944373007418,-0.7040818129927344,1.2596090362080097,0.9953080018733789,0.671695480234145,1.6816018918402382,-0.3683016224746316,0
-0.4413152560685374,-1.3562103056739625,-0.8969516980197234,1.519105824243483,-0.10247146835452803,-0.6345867112371582,-1.1355517796713155,-0.060158999025540005,0.8666614818581153,-0.8532318981716984,0
1.0308660832506167,0.5191510988996737,1.150250250158817,-0.9963614845003508,0.5241125789321814,-1.3850588820446323,-0.544812071341453,0.8974403793712051,0.5266735423197435,-1.2485570986499122,1
1.4333706883701165,-1.7865960706192725,0.3808627540665981,1.935282000926425,0.1260189273709944,1.2026872798376829,0.3807238927564085,1.1323532596919703,0.6223765414211488,0.7645280581501148,1
-1.0887553956544638,0.9672836542916707,-1.048360453342677,1.9225611005703525,-1.0888512361551812,-1.0532639856093748,1.4346924819354565,-1.0280565521487235,-0.5563888260348682,0.8585606447161078,0
-1.365005679220947,-1.363712980689991,-0.05456630693352427,-1.0252129830690926,-1.0573681777238657,-1.9630443143259493,-0.5182016352082082,-0.726997781526387,-1.8753767566933184,0.4849327128546541,0
0.5066207280134161,-1.7167981129053644,-0.7318337483621877,1.4912221279815912,0.3286682729783137,-0.3521011039520485,-0.1395922861436163,-1.1668800222567794,1.2475260028317119,1.6560188218038703,0
1.6426561690001744,-1.1042624332308013,-0.7570389288941723,-1.3575089007618528,-0.7711954654707474,-0.6687785115095988,0.5324229482585419,-1.2414144738075015,1.6775876974709742,-1.5876021196587602,0
-1.9724879558626678,1.4197805145221327,0.8150792310641988,-0.5785605185760061,0.3819988236404721,-1.1058235966430665,-1.326441405418496,-0.11540345944510877,-0.5872486811161566,0.46092020214116847,1
